STUDY_ID,TITLE,BIOME_MAP,CLIMATE,REALM,TAXA,Duration,CONTACT_1,CONTACT_2
10,Windstorm disturbance without patch dynamics twelve years of change in a Minnesota forest,Temperate broadleaf and mixed forests,Temperate,Terrestrial,Plants,13,Sara Webb,Sara Scanga
18,Mapped quadrats in sagebrush steppe long-term data for analyzing demographic rates and plant to plant interactions,Deserts and xeric shrublands,Temperate,Terrestrial,Plants,51,Luke Zachmann,NA
33,Long-term phytoplankton community dynamics in the Western English Channel,Temperate shelf and seas ecoregions,Temperate,Marine,Plants,18,Claire Widdicombe,NA
39,Bird community dynamics in a temperate deciduous forest Long-term trends at Hubbard Brook,Temperate broadleaf and mixed forests,Temperate,Terrestrial,Birds,46,Richard Holmes,Tom Sherry
41,Time and space and the variation of species,Temperate broadleaf and mixed forests,Temperate,Terrestrial,Birds,18,Author now deceased,Queries at Ecology
46,Skokholm Bird Observatory,Temperate broadleaf and mixed forests,Temperate,Terrestrial,Birds,52,Mark Williamson,NA
51,Fluctuations and long-term in the relative densities of tetraonid populations in Finland. 1964-77,Boreal forests/taiga,Temperate,Terrestrial,Birds,14,Harto Linden,Global Population Dynamics Database
52,A transect survey of small land carnivore and red fox populations on a subarctic fell in Finnish forest Lapland over 13 winters,Boreal forests/taiga,Polar,Terrestrial,Mammals,13,Erkki Pulliainen,Global Population Dynamics Database
53,An 11-year study of small mammal populations at Mont St. Hilaire. Quebec,Temperate broadleaf and mixed forests,Temperate,Terrestrial,Mammals,11,Peter Grant,Global Population Dynamics Database
54,El Verde Grid invertebrate data (Big Grid Snail Captures 1991-2007),Tropical and subtropical dry broadleaf forests,Tropical,Terrestrial,Invertebrates,33,Christopher Bloch,Michael Willig
58,Avian populations long-term monitoring dataset. San Juan. Puerto Rico Luquillo Long Term Ecological Research Site Database Grid points bird counts DBAS 23,Tropical and subtropical dry broadleaf forests,Tropical,Terrestrial,Birds,18,Robert Waide,E Melendez
59,Long-term monitoring and experimental manipulation of a Chihuahuan Desert ecosystem near Portal. Arizona. USA,Deserts and xeric shrublands,Temperate,Terrestrial,Mammals,26,Morgan Ernest,Thomas Valone
60,Forest Census Plot on Barro Colorado Island,Tropical and subtropical moist broadleaf forests,Tropical,Terrestrial,Plants,34,Stephen Hubbell,Richard Condit
63,Monitoring butterfly numbersThe development of dragonfly communities and the consequences of territorial behaviour A 27-year study on small ponds at Woodwalton Fen. Cambridgeshire. United Kingdom,Small lake ecosystems,Temperate,Terrestrial,Invertebrates,27,Great Fen,Global Population Dynamics Database
87,Phytoplankton in the Oosterschelde before. during and after the storm-surge barrier (1982-1990),Temperate shelf and seas ecoregions,Temperate,Marine,Plants,9,Peter Herman,NA
150,Admiralty Bay Benthos Diversity Data Base (ABBED).,Temperate shelf and seas ecoregions,Temperate,Marine,Invertebrates,8,Jacek Sicinski,Bruno Danis
189,St. John. USVI Fish Assessment and Monitoring Data (2002 - Present) (NOAA-CCMA),Tropical seas,Tropical,Marine,Fish,10,Kimberley Robertson,NA
190,St. Croix. USVI Fish Assessment and Monitoring Data (2002 - Present) (NOAA-CCMA),Tropical seas,Tropical,Marine,Fish,10,Kimberley Robertson,NA
194,Spatial and temporal distribution and abundance of moths in the Andrews Experimental Forest. 1994 to 2004,Temperate coniferous forest,Temperate,Terrestrial,Invertebrates,11,Julia Jones,Jeffrey Miller
196,SOTEAG Rocky Shore Survey (Sullom Voe),Temperate shelf and seas ecoregions,Temperate,Marine,Invertebrates,37,Rebecca Kinnear,Jon Moore
201,Pasoh Forest Dynamics Plot. Malaysia - Smithsonian Tropical Research Institute,Tropical and subtropical moist broadleaf forests,Tropical,Terrestrial,Plants,14,Christine Fletcher,Abd Rahman Kassim
202,Mudumalai Forest Dynamics Plot. India - Smithsonian Tropical Research Institute,Tropical and subtropical moist broadleaf forests,Tropical,Terrestrial,Plants,13,R Sukuman,Sandeep Pulla
224,Experiment 133 - Effect of Burning Patterns on Vegetation in the Fish Lake Burn Compartments - Shrub Survey,Temperate broadleaf and mixed forests,Temperate,Terrestrial,Plants,11,Peter Reich,NA
225,Point count bird censusing long-term monitoring of bird distrubution and diversity in central Arizona-Phoenix period 2000 to 2011,Deserts and xeric shrublands,Temperate,Terrestrial,Birds,12,Nancy Grimm,NA
226,Transect bird survey with data synthesis from multiple transects in the central Arizona-Phoenix area period 1998 to 2000,Deserts and xeric shrublands,Temperate,Terrestrial,Birds,3,Nancy Grimm,NA
230,Macrophyte count data collected from Northeast Shark Slough Everglades National Park (FCE) from September 2006 to Present,Flooded grasslands and savannas,Temperate,Marine,Plants,3,Evelyn?Gaiser,Evelyn Gaiser
231,"Consumer Stocks: Fish, Vegetation, and other Non-physical Data from Everglades National Park (FCE LTER), South Florida, USA from February 2000 to April 2005",Flooded grasslands and savannas,Temperate,Freshwater,Multiple,6,Joel Trexler,Florida Coastal Everglades LTER Program
233,HF044. Land Use on the Southern New England and New York Coasts 1600-2001,Temperate broadleaf and mixed forests,Temperate,Terrestrial,Plants,3,David Foster,NA
234,"Forest Inventory of a Northern Hardwood Forest: Watershed 6, Hubbard Brook Experimental Forest (Trees &gt;=10cm dbh, 1977-2017)",Temperate broadleaf and mixed forests,Temperate,Terrestrial,Plants,41,"Information Manager, Hubbard Brook LTER",NA
235,Forest Inventory of a Northern Hardwood Forest Watershed 5,Temperate broadleaf and mixed forests,Temperate,Terrestrial,Plants,20,Information Manager at Hubbard Brook LTER,NA
236,Fish population on selected watersheds at Konza Prairie - CFP012 - Konza fish population,Small river ecosystems,Temperate,Freshwater,Fish,12,Keith B Gido,NA
237,Madison Wisconsin Lakes Zooplankton 1976 - 1994 - old net,Small lake ecosystems,Temperate,Freshwater,Invertebrates,19,Emily Stanley,NA
238,North Temperate Lakes LTER Zooplankton - Madison Lakes Area 1997 - current,Small lake ecosystems,Temperate,Freshwater,Invertebrates,20,Emily Stanley,NA
239,Pinon Juniper Net Primary Production Quadrat Data from the Sevilleta National Wildlife Refuge New Mexico 1999-2001,Deserts and xeric shrublands,Temperate,Terrestrial,Plants,3,Douglas I. Moore,NA
240,Pinon-Juniper (Core Site) Quadrat Data for the Net Primary Production Study at the Sevilleta National Wildlife Refuge New Mexico (2003-present ),Deserts and xeric shrublands,Temperate,Terrestrial,Plants,13,Sevilleta LTER Information Manager,NA
241,Sherman Forest Dynamics Plot Panama,Tropical and subtropical moist broadleaf forests,Tropical,Terrestrial,Plants,14,Richard Condit,NA
242,Lac Croche understory vegetation data set (1998 to 2006),Temperate broadleaf and mixed forests,Temperate,Terrestrial,Plants,9,Alain Paquette,NA
243,Long-term N-fertilized vegetation plots on Hog Island Virginia Coastal Barrier Islands 1992 to 2014,Temperate coniferous forest,Temperate,Terrestrial,Plants,23,Frank Day,NA
246,Long-term monitoring dataset of fish assemblages impinged at nuclear power plants in northern Taiwan,Temperate shelf and seas ecoregions,Temperate,Marine,Fish,15,Kwang-Tsao Shao,NA
247,Zooplankton survey of Oneida Lake New York 1964 to present,Small lake ecosystems,Temperate,Freshwater,Invertebrates,46,Lars Rudstam,Kristen Holeck
248,Evidence for long-term shift in plant community composition under decadal experimental warming,"Temperate grasslands, savannas and shrublands",Temperate,Terrestrial,Plants,13,Zheng Shi,NA
249,Resource specialists lead local insect community turnover associated with temperature - analysis of an 18-year full-seasonal record of moths and beetles,Temperate broadleaf and mixed forests,Temperate,Terrestrial,Invertebrates,16,Peter Jorgensen,Philip Thomsen
253,North Temperate Lakes LTER Zooplankton - Trout Lake Area 1982 - current,Small lake ecosystems,Temperate,Freshwater,Invertebrates,40,NTL LTER Information Manager,NTL LTER Lead PI
254,North Temperate Lakes LTER: Phytoplankton - Madison Lakes Area 1995 - current,Small lake ecosystems,Temperate,Freshwater,Plants,26,John J. Magnuson,NTL LTER
255,Multi-decade. spatially explicit population studies of canopy dynamics in Michigan old-growth forests,Temperate broadleaf and mixed forests,Temperate,Terrestrial,Plants,15,Kerry D. Woods,NA
257,Madison Wisconsin Lakes Zooplankton 1976 - 1994 - new net,Small lake ecosystems,Temperate,Freshwater,Invertebrates,4,Emily Stanley,NA
270,Experimental evidence of reduced diversity of seedlings due to climate modification in a Mediterranean-type community.,"Mediterranean forests, woodlands and scrubs",Temperate,Terrestrial,Plants,4,Francisco Lloret,NA
271,"Santa Barbara Coastal LTER Reef: Kelp Forest Community Dynamics: Abundance and size of Giant Kelp (Macrocystis Pyrifera), ongoing since 2000",Temperate shelf and seas ecoregions,Temperate,Marine,Fish,15,Dan Reed,NA
272,Santa Barbara Coastal LTER Reef: Kelp Forest Community Dynamics: Fish abundance,Temperate shelf and seas ecoregions,Temperate,Marine,Invertebrates,15,Dan Reed,NA
273,Santa Barbara Coastal LTER Reef: Kelp Forest Community Dynamics: Invertebrate and algal density,Temperate shelf and seas ecoregions,Temperate,Marine,Invertebrates,15,Dan Reed,NA
274,"Santa Barbara Coastal LTER Reef: Kelp Forest Community Dynamics: Cover of sessile organisms, Uniform Point Contact",Temperate shelf and seas ecoregions,Temperate,Marine,Multiple,15,Dan Reed,NA
275,Response of an urban remnant reptile community to summer wildfire,"Mediterranean forests, woodlands and scrubs",Temperate,Terrestrial,Reptiles,6,Dr Rob A. Davis,Dr Tim S. Doherty
276,Eutrophication and Dreissena Invasion as Drivers of Biodiversity A Century of Change in the Mollusc Community of Oneida Lake,Small lake ecosystems,Temperate,Freshwater,Invertebrates,96,Vadim Karatayev,NA
294,Tam Dao Butterfly communities,Tropical and subtropical moist broadleaf forests,Tropical,Terrestrial,Invertebrates,11,Timothy C Bonebrake,Lie Van Vu
298,Long-term mapped quadrats from Kansas prairie demographic information for herbaceaous plants,"Temperate grasslands, savannas and shrublands",Temperate,Terrestrial,Plants,70,Peter B Adler,NA
299,Elba Island Butterflies,"Mediterranean forests, woodlands and scrubs",Temperate,Terrestrial,Invertebrates,101,Leonardo Dapporto,NA
300,Insect Populations via Sticky Traps at KBS-LTER (Kellogg Biological Station. MI),Temperate broadleaf and mixed forests,Temperate,Terrestrial,Invertebrates,25,Doug Landis,Stuart Gage
301,Konza Prarie grasshoppers -  CGR022,"Temperate grasslands, savannas and shrublands",Temperate,Terrestrial,Invertebrates,37,Ellen Welti,Anthony Joern
302,Patterns and processes affecting the dynamics and structure of seasonally semideciduous forests in SE Brazil(Padroes e processos que influenciam a dinamica e a estrutura das Florestas Estacionais Semideciduais SE Brasil),Tropical and subtropical moist broadleaf forests,Tropical,Terrestrial,Plants,10,Tiago Egydio Barreto,"Ricardo Rodrigues, Renato Augusto Ferreira de Lima and Thiago Almeida Bueno"
303,The influence of environmental variables on tree species component dynamics in a montane forest fragment in Lages SC Brazil Influencia de variaveis ambientais na dinamica do componente arboreo em um fragmento de Floresta Ombrofila Mista em Lages SC,Tropical and subtropical moist broadleaf forests,Temperate/Tropical,Terrestrial,Plants,9,Pedro Higuchi,Ana Carolina da Silva
305,Population estimates of Appalachian salamanders. Coweeta LTER,Temperate broadleaf and mixed forests,Temperate,Terrestrial,Amphibians,15,R Haven Wiley,NA
306,Edwin S. George Reserve Turtles. The Global Population Dynamics Database Version 2,Small lake ecosystems,Temperate,Freshwater,Reptiles,18,Barry Brook,NA
307,Kellogg LTER seed bank,Temperate broadleaf and mixed forests,Temperate,Terrestrial,Plants,10,Sven Bohm,Kay Gross
308,Long Term Mammal Data from Powdermill Biological Station 1979-1999,Temperate broadleaf and mixed forests,Temperate,Terrestrial,Mammals,21,Joseph F Merritt,NA
311,Seasonal summary of numbers of small mammals on 14 LTER traplines in prairie habitats at Konza Prairie,"Temperate grasslands, savannas and shrublands",Temperate,Terrestrial,Mammals,33,Donald W. Kaufman,NA
312,Stability in a Multi-Species Assemblage of Large Herbivores in East Africa,"Tropical and subtropical grasslands, savannas and shrublands",Tropical,Terrestrial,Mammals,26,Herbert Henri Theodore Prins,NA
313,Successional Dynamics on a Resampled Chronosequence Core Old Field Grasshopper Sampling,Temperate broadleaf and mixed forests,Temperate,Terrestrial,Invertebrates,18,Knops Johannes,Tilman David
314,Successional Dynamics on a Resampled Chronosequence Small mammal abundance,Temperate broadleaf and mixed forests,Temperate,Terrestrial,Mammals,3,Knops Johannes,Tilman David
315,Jornada Grasshopper Data,Deserts and xeric shrublands,Temperate,Terrestrial,Invertebrates,3,John Anderson,David Lightfoor
316,Lizard pitfall trap data (LTER-II LTER-III),Deserts and xeric shrublands,Temperate,Terrestrial,Reptiles,18,John Anderson,David Lightfoot
317,Mangrove Forest Growth from the Shark River Slough Everglades National Park (FCE) South Florida from January 1995 to Present,Flooded grasslands and savannas,Temperate,Terrestrial,Plants,11,Robert ATwilley,Victor Rivera-Monroy
319,Effects of rangeland management on community dynamics of herpetofauna to the tallgrass prairie,"Temperate grasslands, savannas and shrublands",Temperate,Terrestrial,Multiple,15,Dustin J. Wilgers,NA
321,Small Mammal Exclosure Study. Jornada LTER.  SMES rodent trapping data,Deserts and xeric shrublands,Temperate,Terrestrial,Mammals,13,Robert Schooley,NA
322,Forest destructuring as revealed by the temporal dynamics of fundamental species - Case study of Santa Genebra Forest in Brazil,Tropical and subtropical moist broadleaf forests,Tropical,Terrestrial,Plants,22,Fabiano Turini Farah,"Ricardo Rodrigues, Renato Augusto Ferreira de Lima and Thiago Almeida Bueno"
323,The Response of Anolis Lizards to Hurricane-Induced Habitat Changes in a Puerto Rican Rain Forest.,Tropical and subtropical moist broadleaf forests,Tropical,Terrestrial,Reptiles,4,Douglas Reagan,NA
324,Temporal evaluation of natural regeneration in a semi-deciduous forest in Pirenopolis. Goias. Brazil,"Tropical and subtropical grasslands, savannas and shrublands",Tropical,Terrestrial,Plants,5,Fabio Venturoli,NA
325,Temporal evaluation of natural regeneration in a semi-deciduous forest in Pirenopolis. Goias. Brazil,"Tropical and subtropical grasslands, savannas and shrublands",Tropical,Terrestrial,Plants,5,Fabio Venturoli,NA
326,Temporal evaluation of natural regeneration in a semi-deciduous forest in Pirenopolis. Goias. Brazil,"Tropical and subtropical grasslands, savannas and shrublands",Tropical,Terrestrial,Plants,5,Fabio Venturoli,NA
327,Fray Jorge Small Mammals 1989-2005,"Mediterranean forests, woodlands and scrubs",Temperate,Terrestrial,Mammals,17,Douglas A. Kelt,NA
328,The Rainbow Bay Long-term Study,Small river ecosystems,Temperate,Freshwater,Amphibians,30,David Scott,NA
329,Twenty years tree demography in an undisturbed Dipterocarp permanent sample plot at Uppangala Western Ghats of India,Tropical and subtropical moist broadleaf forests,Tropical,Terrestrial,Plants,21,N. Ayyappan,NA
332,Stream Fish Assemblage stability in a southern Appalachian stream (Coweeta Hydro Lab 1984 - 1995),Small river ecosystems,Temperate,Freshwater,Fish,12,Gary D Grossman,NA
333,Weekly record of bird species observed on Konza Prairie,"Temperate grasslands, savannas and shrublands",Temperate,Terrestrial,Birds,29,JMB,J Briggs
334,"Above ground plant biomass in a mesic acidic tussock tundra experimental site from 1982 to 2015 Arctic LTER, Toolik Lake, Alaska",Tundra,Polar,Terrestrial,Plants,19,Gaius Shaver,Arctic LTER Data Manager
335,Stochasticity in structural and functional characteristics of an Indiana stream fish assemblage  a test of community theory,Small river ecosystems,Temperate,Freshwater,Fish,13,Gary D Grossman,NA
336,Long term monitoring and experimental manipulation of a Chihuahuan Desert ecosystem near Portal Arizona,Deserts and xeric shrublands,Temperate,Terrestrial,Plants,14,Morgan Ernest,Tom Valone
337,Mountain Birdwatch,Temperate broadleaf and mixed forests,Temperate,Terrestrial,Birds,11,John D. Lloyd,Kent P. McFarland
338,Dynamics and Organization of a Rocky Intertidal Fish Assemblage,Temperate shelf and seas ecoregions,Temperate,Marine,Fish,3,Gary D Grossman,NA
339,Species trends turnover and composition of a woodland bird community in southern Sweden during a period of 57 years.,Temperate broadleaf and mixed forests,Temperate,Terrestrial,Birds,57,Soren Svensson,NA
340,"Small Mammal Exclosure Study (SMES) Vegetation Data from the Chihuahuan Desert Grassland and Shrubland at the Sevilleta National Wildlife Refuge, New Mexico (1995-2009)",Deserts and xeric shrublands,Tropical,Terrestrial,Plants,15,David Lightfoot,NA
342,Brazil Dataset 2,"Tropical and subtropical grasslands, savannas and shrublands",Tropical,Terrestrial,Plants,19,Giselda Durigan,NA
343,Brazil Dataset 3,Tropical and subtropical moist broadleaf forests,Tropical,Terrestrial,Plants,18,Giselda Durigan,NA
344,Brazil Dataset 4,"Tropical and subtropical grasslands, savannas and shrublands",Tropical,Terrestrial,Plants,13,Giselda Durigan,NA
345,Brazil Dataset 5,"Tropical and subtropical grasslands, savannas and shrublands",Tropical,Terrestrial,Plants,13,Giselda Durigan,NA
346,Monitoring experiences at the Atlantic rainforest biome using permanent plots.,"Tropical and subtropical grasslands, savannas and shrublands",Tropical,Terrestrial,Plants,10,Carolina Mathias Moreira,"Ana Paula Savassi-Coutinho Giselda Durigan Vincius Castro Souza Natlia Macedo Ivanauskas Ricardo Ribeiro Rodrigues, Renato Augusto Ferreira de Lima and Thiago Almeida Bueno"
347,Zooplankton community of the Vitoria Bay estuarine system (southeastern Brazil). Characterization during a three-year study,Tropical seas,Tropical,Marine,Invertebrates,3,Jose Mauro Sterza,Luiz Loureiro Fernandes
349,St. M polychaete species time-series,Temperate shelf and seas ecoregions,Temperate,Marine,Invertebrates,21,Claire Laguionie-Marchais,Henry Ruhl
350,Megafauna PAP time series,Temperate shelf and seas ecoregions,Temperate,Marine,Invertebrates,23,Claire Laguionie-Marchais,Henry Ruhl
351,Megafauna Sta M time series,Temperate shelf and seas ecoregions,Temperate,Marine,Invertebrates,16,Claire Laguionie-Marchais,Henry Ruhl
352,Flooded forest plot sampling in Peru,Tropical and subtropical moist broadleaf forests,Tropical,Terrestrial,Plants,4,Randall W. Myster,NA
353,La Planada Forest Dynamics Plots,Tropical and subtropical moist broadleaf forests,Tropical,Terrestrial,Plants,7,Natalia Norden Medina,NA
355,Plant Species Composition on Selected Watersheds at Konza Prairie,"Temperate grasslands, savannas and shrublands",Temperate,Terrestrial,Plants,33,David C. Hartnett,Scott L. Collins
357,Small Mammal Trapping Webs on the Central Plains Experimental Range,"Temperate grasslands, savannas and shrublands",Temperate,Terrestrial,Mammals,13,Paul Stapp,NA
358,Neotropical Migratory Bird Communities in a Developing Pine Plantation,Temperate coniferous forest,Temperate,Terrestrial,Birds,16,H Williamson,NA
359,SBC LTER Reef Kelp Forest Community Dynamics Fish abundance,Temperate shelf and seas ecoregions,Temperate,Marine,Fish,13,Santa Barbara Coastal LTER,Daniel C Reed
360,Bialowieza National Park bird assemblage,Temperate broadleaf and mixed forests,Temperate,Terrestrial,Birds,40,Tomasz Wesolowski,NA
361,A long-term bird population study in an Appalachian spruce forest,Temperate broadleaf and mixed forests,Temperate,Terrestrial,Birds,22,JSTOR,NA
362,Plant and small-mammal responses to large-herbivore exclusion in an African savanna,"Tropical and subtropical grasslands, savannas and shrublands",Tropical,Terrestrial,Mammals,4,Tyler R. Kartzinel,NA
363,The 37-year dynamics of a subalpine bird community with special emphasis on the influence of environmental temperature and Epirrita autumnata cycles.,Tundra,Temperate,Terrestrial,Birds,37,Anders Enemar,NA
364,Long-term reductions in anthropogenic nutrients link to improvements in Chesapeake Bay habitat,Large river ecosystems,Temperate,Freshwater,Plants,18,Nancy Rybicki,Henry Ruhl
365,Hahei marine dataset (1997-2002),Temperate shelf and seas ecoregions,Temperate,Marine,Fish,6,Trevor Willis,NA
366,Small Mammal Exclosure Study (SMES),Deserts and xeric shrublands,Temperate,Terrestrial,Mammals,25,David Lightfoot,NA
368,Monitoring site 1000 Land waters research- Lakes benthic animal research,Small lake ecosystems,Temperate,Freshwater,Invertebrates,2,Ecosystem monitoring department and maintenance department. Nature Conservation Bureau Ministry of the Environment Biodiversity Center,NPO Japan Wetlands International
369,Monitoring site 1000 Alpine research - Surface wandering beetles,Temperate broadleaf and mixed forests,Temperate,Terrestrial,Invertebrates,6,General Foundation Natural Environment Research Center monitoring site 1000 alpine zone personnel,Nature Conservation Bureau Ministry of the Environment Biodiversity Center Contact: ecosystem monitoring Department
378,Calafuria Mid-shore Intertidal Dataset (1991-2014),Temperate shelf and seas ecoregions,Temperate,Marine,Invertebrates,16,Lisandro Benedetti Cecchi,NA
379,Calafuria Low-shore Intertidal Dataset (1991-2014),Temperate shelf and seas ecoregions,Temperate,Marine,Invertebrates,24,Lisandro Benedetti Cecchi,NA
380,Monitoring butterfly numbers,Temperate broadleaf and mixed forests,Temperate,Terrestrial,Invertebrates,10,GPDD,NA
381,Long-term sampling of a herpetofaunal assemblage on an isolated urban bushland,"Mediterranean forests, woodlands and scrubs",Temperate,Terrestrial,Multiple,7,R A How,NA
382,Small Mammals and Vegetation Changes After Fire in a Mixed Conifer-Hardwood Forest,Temperate broadleaf and mixed forests,Temperate,Terrestrial,Mammals,13,Contact at GPDD,NA
383,Boubin,Temperate broadleaf and mixed forests,Temperate,Terrestrial,Plants,39,Tomas Vrska,Kamil Kral
384,Cahnov-Soutok,Temperate broadleaf and mixed forests,Temperate,Terrestrial,Plants,34,Tomas Vrska,Kamil Kral
385,Milesice,Temperate broadleaf and mixed forests,Temperate,Terrestrial,Plants,40,Tomas Vrska,Kamil Kral
386,Mionsi-V,Temperate coniferous forest,Temperate,Terrestrial,Plants,16,Tomas Vrska,Kamil Kral
387,Mionsi-R,Temperate coniferous forest,Temperate,Terrestrial,Plants,52,Tomas Vrska,Kamil Kral
388,Mionsi-C,Temperate coniferous forest,Temperate,Terrestrial,Plants,58,Tomas Vrska,Kamil Kral
389,Ranspurk,Temperate broadleaf and mixed forests,Temperate,Terrestrial,Plants,34,Tomas Vrska,Kamil Kral
390,Razula,Temperate coniferous forest,Temperate,Terrestrial,Plants,38,Tomas Vrska,Kamil Kral
391,Salajka,Temperate coniferous forest,Temperate,Terrestrial,Plants,34,Tomas Vrska,Kamil Kral
392,Stozec,Temperate broadleaf and mixed forests,Temperate,Terrestrial,Plants,40,Tomas Vrska,Kamil Kral
393,Velka Ples,Temperate broadleaf and mixed forests,Temperate,Terrestrial,Plants,38,Tomas Vrska,Kamil Kral
394,Zakova hora,Temperate broadleaf and mixed forests,Temperate,Terrestrial,Plants,38,Tomas Vrska,Kamil Kral
395,Zofin,Temperate broadleaf and mixed forests,Temperate,Terrestrial,Plants,34,Tomas Vrska,Kamil Kral
396,Doutnac,Temperate broadleaf and mixed forests,Temperate,Terrestrial,Plants,11,Tomas Vrska,Kamil Kral
397,Polednik,Temperate broadleaf and mixed forests,Temperate,Terrestrial,Plants,9,Tomas Vrska,Kamil Kral
398,Polom,Temperate broadleaf and mixed forests,Temperate,Terrestrial,Plants,23,Tomas Vrska,Kamil Kral
399,V Kluci,Temperate broadleaf and mixed forests,Temperate,Terrestrial,Plants,28,Tomas Vrska,Kamil Kral
400,Jirina,Temperate broadleaf and mixed forests,Temperate,Terrestrial,Plants,22,Tomas Vrska,Kamil Kral
401,Kohoutov,Temperate broadleaf and mixed forests,Temperate,Terrestrial,Plants,21,Tomas Vrska,Kamil Kral
403,Community ecology of anura amphibia at Northwest region of Sao Paulo state,Small lake ecosystems,Tropical,Freshwater,Amphibians,7,Denise de Cerqueira Rossa-Feres,NA
404,Brazil Dataset 7,"Tropical and subtropical grasslands, savannas and shrublands",Tropical,Terrestrial,Plants,3,Gabriella Damasceno,Alessandra Fidelis
405,Brazil Dataset 8,"Tropical and subtropical grasslands, savannas and shrublands",Tropical,Terrestrial,Plants,3,Alessandra Fidelis,NA
406,Short-term changes caused by fire and mowing in Brazilian Campos grasslands with different long-term fire histories,"Tropical and subtropical grasslands, savannas and shrublands",Temperate,Terrestrial,Plants,3,Alessandra Fidelis,NA
412,Icthyoplankton data collected from Yenliao Bay in 6 stations northeast of Taiwan (1995-2000),Tropical seas,Temperate,Marine,Fish,6,Chih-hao Hsieh (Zac),NA
413,Bird populations in east central Illinois. Fluctuations variations and development over a half-century,"Temperate grasslands, savannas and shrublands",Temperate,Terrestrial,Birds,50,Author now deceased,NA
414,Bird populations in east central Illinois. Fluctuations variations and development over a half-century,"Temperate grasslands, savannas and shrublands",Temperate,Terrestrial,Birds,53,Author now deceased,NA
415,Bird populations in east central Illinois. Fluctuations variations and development over a half-century,"Temperate grasslands, savannas and shrublands",Temperate,Terrestrial,Birds,19,Author now deceased,NA
416,Bird populations in east central Illinois. Fluctuations variations and development over a half-century,"Temperate grasslands, savannas and shrublands",Temperate,Terrestrial,Birds,26,Author now deceased,NA
419,Data collected aboard cruises off the coast of the Western Antarctic Penninsula,Polar ecoregions,Temperate,Marine,Birds,19,William R Fraser,NA
426,Phytoplankton time series from Lake Zurich,Small lake ecosystems,Temperate,Freshwater,Invertebrates,35,Francesco Pomati,NA
427,Zooplankton time series from Lake Zurich,Small lake ecosystems,Temperate,Freshwater,Invertebrates,32,Francesco Pomati,NA
429,Scleractinian corals from Orpheus and Magnetic Islands 2013 to 2020,Tropical coral,Tropical,Marine,Invertebrates,8,Chao-Yang Kuo,Andrew Baird
434,Summer Phytoplankton Densities 1992-2001,Small lake ecosystems,Polar,Freshwater,Invertebrates,10,Diane McKnight,John Priscu
437,Aceh WCS fish survey 2010 to 2016,Tropical coral,Tropical,Marine,Fish,7,Andrew Hoey,NA
438,Aceh WCS fish surveys,Tropical coral,Tropical,Marine,Fish,9,Andrew Hoey,NA
439,Long-term dynamics of bird populations in pine forests of Ilmen Nature Reserve during the breeding period individuals / km2,"Temperate grasslands, savannas and shrublands",Temperate,Terrestrial,Birds,13,Roberto Cazzolla Gatti,NA
440,Long-term dynamics of bird populations in pine-birch forests of Ilmen Nature Reserve during the breeding period individuals / km2,"Temperate grasslands, savannas and shrublands",Temperate,Terrestrial,Birds,13,Roberto Cazzolla Gatti,NA
441,Long-term dynamics of bird populations in birch forests of Ilmen Nature Reserve during the breeding period individuals / km2,"Temperate grasslands, savannas and shrublands",Temperate,Terrestrial,Birds,13,Roberto Cazzolla Gatti,NA
442,Composition and abundance of bird species in the village Matabay in June 1980-1985 (absolute indicators (area 025 km2)),Montane grasslands and shrublands,Temperate,Terrestrial,Birds,6,Roberto Cazzolla Gatti,NA
443,Composition and abundance of bird species in the village Verhnjaja Elovka in June 1980-1985 (absolute indicators (area 025 km2)),Montane grasslands and shrublands,Temperate,Terrestrial,Birds,4,Roberto Cazzolla Gatti,NA
444,The dynamics of species composition and abundance of migratory birds of prey in the Irkut River mouth (absolute figures),Boreal forests/taiga,Temperate,Terrestrial,Birds,5,Roberto Cazzolla Gatti,NA
445,A number of waterfowl after periods of breeding and molting in the lower reaches of Ob River (thous. individuals / 22 thous. km2),Large river ecosystems,Temperate,Terrestrial,Birds,3,Roberto Cazzolla Gatti,NA
446,The density of population (ind/1000ha.) of hunting species of mammals in the Republic of Mordovia (Chamzinsky district),Temperate broadleaf and mixed forests,Temperate,Terrestrial,Mammals,5,Roberto Cazzolla Gatti,NA
447,Long-term population dynamics of small mammals in the Natural Boundary Morozova Gora (individuals / 100 trap-nights),Temperate broadleaf and mixed forests,Temperate,Terrestrial,Mammals,9,Roberto Cazzolla Gatti,NA
448,Number of small mammals in Verkhnyaya Angara basin (accounting period since 20.07 to 20.08 individuals /100 trap-nights,Boreal forests/taiga,Temperate,Terrestrial,Mammals,4,Roberto Cazzolla Gatti,NA
449,Indicators of abundance (individuals / 100 trap-nights) of different species of small mammals in different years with using trap grooves and a coefficient characterizing the adverse conditions winter,Boreal forests/taiga,Temperate,Terrestrial,Mammals,10,Roberto Cazzolla Gatti,NA
450,Composition (%) and biomass (thous. tons) of fish species  in Olyutorsky-Navarin area in 2005-2012,Temperate shelf and seas ecoregions,Temperate,Marine,Fish,8,Roberto Cazzolla Gatti,NA
451,Composition (%) and biomass (thous. tons) of fish species  in  Gulf of Anadyr in 2005-2012,Temperate shelf and seas ecoregions,Temperate,Marine,Fish,8,Roberto Cazzolla Gatti,NA
452,Year-to-year dynamics of total nekton biomass (thous. tons) in the upper epipelagic of the North-West Pacific in June-July of 2000s,Temperate shelf and seas ecoregions,Temperate,Marine,Fish,9,Roberto Cazzolla Gatti,NA
453,Population dynamics of some species founded in all periods of study in the lake Bolshoi Kharbei in late July - early August (thous.individuals/m3),Small lake ecosystems,Polar/Temperate,Freshwater,Invertebrates,42,Roberto Cazzolla Gatti,NA
455,Dynamics of a coral reef community,Tropical seas,Tropical,Marine,Invertebrates,3,Chao-yang Kuo,Tung-Yung Fan
456,Dynamics of a coral reef community,Tropical seas,Tropical,Marine,Invertebrates,8,Chao-yang Kuo,Chaolun Allen Chen
457,Dynamics of a coral reef community,Tropical coral,Tropical,Marine,Invertebrates,12,Chao-yang Kuo,Chaolun Allen Chen
458,Beetles from the Bavarian Forest,Temperate broadleaf and mixed forests,Temperate,Terrestrial,Invertebrates,4,Simon Thorn,Jorg Muller
459,Birds from the Bavarian Forest,Temperate broadleaf and mixed forests,Temperate,Terrestrial,Birds,5,Simon Thorn,Jorg Muller
460,Fungi from the Bavarian Forest unlogged,Temperate broadleaf and mixed forests,Temperate,Terrestrial,Fungi,5,Simon Thorn,Jorg Muller
461,Lichens (obj) from the Bavarian Forest unlogged,Temperate broadleaf and mixed forests,Temperate,Terrestrial,Fungi,5,Simon Thorn,Jorg Muller
462,Lichens (soil) from the Bavarian Forest unlogged,Temperate broadleaf and mixed forests,Temperate,Terrestrial,Fungi,5,Simon Thorn,Jorg Muller
463,Mosses (obj) from the Bavarian Forest,Temperate broadleaf and mixed forests,Temperate,Terrestrial,Plants,5,Simon Thorn,Jorg Muller
464,Mosses (soil) from the Bavarian Forest,Temperate broadleaf and mixed forests,Temperate,Terrestrial,Plants,5,Simon Thorn,Jorg Muller
465,Plants from the Bavarian Forest,Temperate broadleaf and mixed forests,Temperate,Terrestrial,Plants,6,Simon Thorn,Jorg Muller
467,Spatial and temporal organisation of a coastal lagoon fish community,Temperate shelf and seas ecoregions,Temperate,Marine,Fish,13,Jose Eduardo Rebelo,NA
468,A multi-decade time series of kelp forest community structure at San Nicolas Island California.,Temperate shelf and seas ecoregions,Temperate,Marine,Invertebrates,32,"Michael Kenner
",Tim Tinker
471,Prescribed Burn Effect on Chihuahuan Desert Grasses and Shrubs at the Sevilleta National Wildlife Refuge,Deserts and xeric shrublands,Temperate,Terrestrial,Plants,10,Esteban Muldavin,Scott Collins
473,Fourteen years of mapped permanent quadrats in a northern mixed prairie,"Temperate grasslands, savannas and shrublands",Temperate,Terrestrial,Plants,14,Peter Adler,NA
475,Structure and dynamics of a passerine bird community in a spruce-dominated boreal forest,Boreal forests/taiga,Temperate,Terrestrial,Birds,13,Olav Hogstad,NA
476,Bromeliad invertebrate counts at different elevations in the Luquillo Experimental Forest,Tropical and subtropical moist broadleaf forests,Tropical,Terrestrial,Invertebrates,5,Barbara A. Richardson,NA
477,Epifaunal invertebrate survey from Goodwin Islands York River Estuary Chesapeake Bay,Temperate shelf and seas ecoregions,Temperate,Marine,Invertebrates,15,Jon S. Lefcheck,J. Emmett Duffy
478,Long term study of the stream ecosystems in the Breitenbach,Small river ecosystems,Temperate,Freshwater,Invertebrates,37,Diana Bowler,NA
480,ITEX Dataset 2 - Wolfcreek,Boreal forests/taiga,Temperate,Terrestrial,Plants,11,Jill Johnstone,NA
481,ITEX Dataset 3 - Bylot (Mesprairie and Mespolygon),Tundra,Polar,Terrestrial,Plants,8,Esther Levesque,NA
482,"ITEX Qikiqtarukâ€“Herschel Island, Herschel and Komakuk vegetation plots",Tundra,Polar,Terrestrial,Plants,19,Isla Myers-Smith,NA
483,ITEX Dataset 5 - Teberda (Malaya Alpine-Snowbed and Geranium Hedysarum Meadow),Temperate broadleaf and mixed forests,Temperate,Terrestrial,Plants,24,Vladimir G. Onipchenko,Asem A. Akhmetzhanova
486,ITEX Dataset 8 - Valbercla (Alpine),Temperate coniferous forest,Temperate,Terrestrial,Plants,16,Christian Rixen,NA
489,ITEX Dataset 11 - Finse (Ridge),Tundra,Temperate,Terrestrial,Plants,9,Kari Klanderud,NA
490,ITEX Dataset 12 - Finse (Slope),Tundra,Temperate,Terrestrial,Plants,4,Kari Klanderud,NA
491,"ITEX Dataset 13 - Toolik (Dry, Moist)",Tundra,Polar,Terrestrial,Plants,15,Willam A. Gould,NA
492,"ITEX Dataset 14 - Toolik (LTER Heath, LTER Moist acidic tussock, LTER non-acidic tussock, LTER wet sedge, SAG wet sedge2, Tussock 1981 plots)",Tundra,Polar,Terrestrial,Plants,25,Gauis R. Shaver,NA
493,"ITEX Dataset 15 - Sadvent (MES-cover, MES-photo, wet-cover, wet-photo)",Tundra,Polar,Terrestrial,Plants,6,Elisabeth J. Cooper,NA
494,"ITEX Dataset 16 - Finse (Nfinse, Ridge cover)",Tundra,Temperate,Terrestrial,Plants,12,Kari Klanderud,NA
497,"ITEX Dataset 19 - Teberda (Festuca Varia Grassland, Malaya Alpine Lichen-Heath)",Temperate broadleaf and mixed forests,Temperate,Terrestrial,Plants,29,Vladimir G. Onipchenko,Asem A. Akhmetzhanova
498,"ITEX Dataset 20 - Torngats (Nakvakdry, Nakvakwet)",Tundra,Temperate,Terrestrial,Plants,4,Luise Hermanutz,Laura Siegwart Collier
502,"Long-term tree demography in old-growth forests of Huron Mts, MI from permanent-plot censuses, 1962-2009",Temperate broadleaf and mixed forests,Temperate,Terrestrial,Plants,48,Kerry D. Woods,NA
503,Coral data from Lizard Island,Tropical coral,Tropical,Marine,Invertebrates,2,Joshua S. Madin,Mia Hoogenboom
504,Red Sea artificial reefs,Temperate shelf and seas ecoregions,Temperate,Marine,Fish,5,Jonathan Belmaker,NA
508,"ITEX Dataset 21 - Sadvent (MES-Pointframe, Wet-Pointframe)",Tundra,Polar,Terrestrial,Plants,3,Elisabeth J. Cooper,NA
510,Butterfly fauna in Mount Gariwang-san Korea,Temperate broadleaf and mixed forests,Temperate,Terrestrial,Invertebrates,29,Cheolmin Lee,NA
511,Demersal fish hauls from Guanabara Bay Brazil 2005-2015,Tropical seas,Tropical,Marine,Fish,11,Gabriel Barros GonÃ§alves de Souza,Marcelo Vianna
515,Assemblage-level responses of phyllostomid bats to tropical forest fragmentation,Tropical and subtropical moist broadleaf forests,Tropical,Terrestrial,Mammals,3,Christoph Meyer,NA
516,A large-scale fragmentation experiment for Neotropical bats,Tropical and subtropical moist broadleaf forests,Tropical,Terrestrial,Mammals,17,Ricardo Rocha,Adria Lopez-Baucells
550,Long-term Mollusc Population Abundance and Size Data from the Georgia Coastal Ecosystems LTER 0.25sqm quadrat,Temperate shelf and seas ecoregions,Temperate,Marine,Invertebrates,21,GCE-LTER Information Manager,Merryl Alber
551,Long-term Mollusc Population Abundance and Size Data from the Georgia Coastal Ecosystems LTER 0.5sqm quadrat,Temperate shelf and seas ecoregions,Temperate,Marine,Invertebrates,21,GCE-LTER Information Manager,Merryl Alber
552,UHURU experiment: tree census detailed 2009-2019,"Tropical and subtropical grasslands, savannas and shrublands",Tropical,Terrestrial,Plants,11,Jacob Goheen,NA
553,UHURU experiment: understory of large quadrats 2008-2019,"Tropical and subtropical grasslands, savannas and shrublands",Tropical,Terrestrial,Plants,12,Jacob Goheen,NA
555,"Zooplankton abundance in the Upper San Francisco Estuary from 1972-2021, ver 4: 20mm survey, mesoplankton.",Small river ecosystems,Temperate,Freshwater,Invertebrates,26,Samuel M Bashevkin,NA
563,"Zooplankton abundance in the Upper San Francisco Estuary from 1972-2021, ver 4: Fish Restoration Program, macroplankton.",Small river ecosystems,Temperate,Freshwater,Invertebrates,3,Samuel M Bashevkin,NA
564,"Zooplankton abundance in the Upper San Francisco Estuary from 1972-2021, version 4: Fish Restoration Program, mesoplankton",Small river ecosystems,Temperate,Freshwater,Invertebrates,3,Samuel M Bashevkin,NA
569,Cover and density of southwestern ponderosa pine understory plants in permanent chart quadrats (2002â€“2020),Temperate coniferous forest,Temperate,Terrestrial,Plants,21,Margaret M. Moore,NA
573,"eLTER Benthic invertebrates at three sites at River Salaca, Latviaâ€” Skanais Mazsalaca",Large river ecosystems,Temperate,Freshwater,Invertebrates,21,Agnija Skuja,Davis Ozolins
574,"eLTER Benthic invertebrates at three sites at River Salaca, Latviaâ€” Vecate",Large river ecosystems,Temperate,Freshwater,Invertebrates,48,Agnija Skuja,Davis Ozolins
575,"eLTER Benthic invertebrates at three sites at River Salaca, Latviaâ€” Vecsalaca",Large river ecosystems,Temperate,Freshwater,Invertebrates,33,Agnija Skuja,Davis Ozolins
576,"Long-term Plant Biomass Monitoring Data from Altamaha River Plant Transition Sites near the Georgia Coastal Ecosystems LTER Project on Sapelo Island, Georgia","Tropical and subtropical grasslands, savannas and shrublands",Temperate/Tropical,Freshwater,Plants,10,Dr. Steven C. Pennings,NA
577,Phytoplankton species abundance in Lake Inba (Japan) from 1986 to 2016,Small lake ecosystems,Temperate,Freshwater,Plants,31,Maiko Kagami,Akemi Iwayama
579,War-in-the-Pacific National Historical Park marine biological survey,Tropical coral,Tropical,Marine,Fish,26,Kathy Dratch,Kelly Kozar
580,"Vegetation Data, Buxton Climate Change Experiment, UK, 1994-2009","Temperate grasslands, savannas and shrublands",Temperate,Terrestrial,Plants,16,Dr Jason Fridley,NA
581,Structure and dynamics of a mountain riparian forest at an upstream valley in central Japan,Temperate broadleaf and mixed forests,Temperate,Terrestrial,Plants,7,Tomohiro Yoshida,NA
582,Long term data from the Hanko Bird Observatory,"Tropical and subtropical grasslands, savannas and shrublands",Temperate,Terrestrial,Birds,41,Kari Soilevaara,Jari Laitasalo
583,Long term monitoring of the rocky intertidal on Wizard Island in Barkley Sound,Temperate shelf and seas ecoregions,Temperate,Marine,Plants,13,Luke Andersson,NA
584,Long term monitoring of the rocky intertidal on Wizard Island in Barkley Sound,Temperate shelf and seas ecoregions,Temperate,Marine,Invertebrates,9,Luke Andersson,NA
585,Grasshopper species abundances in the Patch-Burn Grazing experiment at Konza Prairie,Flooded grasslands and savannas,Temperate,Terrestrial,Invertebrates,8,Dr Anthony Joern,NA
586,"Arthropod sweepnet sampling: Interactive Effects of Deer, Fire and Nitrogen. Cedar Creek.","Temperate grasslands, savannas and shrublands",Temperate,Terrestrial,Invertebrates,4,Johannes Knops,Mark Ritchie
587,"Small Mammal Abundance: Interactive Effects of Deer, Fire and Nitrogen. Cedar Creek.","Temperate grasslands, savannas and shrublands",Temperate,Terrestrial,Mammals,3,Johannes Knops,Mark Ritchie
588,"Insect Population Dynamics on the Main Cropping System Experiment at the Kellogg Biological Station, Hickory Corners, MI  (1989 to 2017)","Temperate grasslands, savannas and shrublands",Temperate,Terrestrial,Invertebrates,29,Douglas Landis,Data Manager Kellogg Biological Station
589,"Santa Barbara Coastal LTER: Reef: Annual time series of biomass for kelp forest species, ongoing since 2000",Temperate shelf and seas ecoregions,Temperate,Marine,Invertebrates,24,"Information Manager, Santa Barbara Coastal LTER",NA
590,Long-term population trends in three grassland insect groups: a comparative analysis of 1951 and 2009,"Temperate grasslands, savannas and shrublands",Temperate,Terrestrial,Invertebrates,59,Sebastian Schuch,NA
591,"Chagos Archipelago UVC fish surveys around rat-infested/rat-free islands, pre-/post- 2015 bleaching event",Tropical coral,Tropical,Marine,Fish,5,Casey Benkwitt,"Nick Graham, Shaun Wilson"
592,"Changes in the avifauna in a high Andean cloud forest
in Colombia over a 24-year period - Mist Net Captures",Tropical and subtropical moist broadleaf forests,Tropical,Terrestrial,Birds,25,Loreta Rosselli,F. Gary Stiles
593,Christmas Bird Count - Bogota (1989-2015),Tropical and subtropical moist broadleaf forests,Tropical,Terrestrial,Birds,26,Loreta Rosselli,"F. Gary Stiles, Sussy De La Zerda"
594,Native and non-native freshwater fish communities surrounding aquarium trade fish farms in Brazil - a decadal comparison,Small river ecosystems,Tropical,Freshwater,Fish,13,Andre L. B. Magalhaes,NA
598,"Desert Ecology Plot Network: Mammal Abundance Pit Traps, Simpson Desert, Western Queensland, 1990-2018",Deserts and xeric shrublands,Tropical,Terrestrial,Mammals,29,Glenda Wardle,"Chris Dickman, Aaron Greenville, Bobby Tamayo"
599,"Desert Ecology Plot Network: Herpetofauna Abundance Pit Traps, Simpson Desert, Western Queensland, 1990-2018",Deserts and xeric shrublands,Tropical,Terrestrial,Multiple,29,Glenda Wardle,"Chris Dickman, Aaron Greenville, Bobby Tamayo"
600,"Bulgaria Wintering Waterbirds, Aleksandar Stamboliyski Reservoir",Small lake ecosystems,Temperate,Freshwater,Birds,37,Vesela Evtimova,"Boris Nikolov, Radoslav Stanchev"
602,"Bulgaria Wintering Waterbirds, Lake Complexes",Small lake ecosystems,Temperate,Freshwater,Birds,42,Vesela Evtimova,"Boris Nikolov, Radoslav Stanchev"
603,Bulgaria Wintering Waterbirds Srebarna Lake,Lake ecosystem,Temperate,Freshwater,Birds,41,Vesela Evtimova,"Boris Nikolov, Radoslav Stanchev"
606,Ants and Ecosystem Function in Hemlock Removal Experiment at Harvard Forest 2006-2014,Temperate broadleaf and mixed forests,Temperate,Terrestrial,Invertebrates,9,Harvard Forest Information Manager,NA
607,Ground vegetation data ICP Forests Level II plot Brasschaat,Temperate coniferous forest,Temperate,Terrestrial,Plants,22,Arne Verstraten,Wouter Van Landuyt
608,Ground vegetation data ICP Forests Level II plot Gontrode,Temperate broadleaf and mixed forests,Temperate,Terrestrial,Plants,22,Arne Verstraten,Wouter Van Landuyt
609,Ground vegetation data ICP Forests Level II plot Sonian forest,Temperate broadleaf and mixed forests,Temperate,Terrestrial,Plants,22,Arne Verstraten,Wouter Van Landuyt
610,ILTER Ebro Delta Bird Census,Large river delta ecosystems,Temperate,Terrestrial,Birds,57,Daniel Oro,NA
611,"Longâ€term observation of fish community in streams inside and outside road construction of Teshio River system, northern Hokkaido, Japan",Small river ecosystems,Temperate,Freshwater,Fish,20,Masahiro Nakamura,Yoshiyuki Umatani
612,"Long-term (2005â€“2017) macromoth community monitoring at Mt. Jirisan National Park, South Korea",Temperate broadleaf and mixed forests,Temperate,Terrestrial,Invertebrates,13,Sei-Woong Choi,NA
613,"Diversity decrease of ant (Formicidae, Hymenoptera) after a forest disturbance: different responses among functional guilds",Temperate broadleaf and mixed forests,Temperate,Terrestrial,Invertebrates,3,Cheol Min Lee,Tae-Sung Kwon
614,LTER National Park Hoge Kempen Arachnids,"Temperate grasslands, savannas and shrublands",Temperate,Terrestrial,Invertebrates,28,Natalie Beenaerts,Luc Creveceour
615,LTER National Park Hoge Kempen Beetles,"Temperate grasslands, savannas and shrublands",Temperate,Terrestrial,Invertebrates,34,Natalie Beenaerts,Luc Creveceour
616,"LTER Hunsruck-Hochwald Benthic Aquatic Invertebrates, Borfink station",Small river ecosystems,Temperate,Freshwater,Invertebrates,21,Stefan Stoll,Fulgor Westermann
617,"LTER Hunsruck-Hochwald Benthic Aquatic Invertebrates, Mundung station",Small river ecosystems,Temperate,Freshwater,Invertebrates,21,Stefan Stoll,Fulgor Westermann
618,"LTER Hunsruck-Hochwald Benthic Aquatic Invertebrates, Oberlauf station",Small river ecosystems,Temperate,Freshwater,Invertebrates,20,Stefan Stoll,Fulgor Westermann
619,LTER ICP Lange Bramke Ground Vegetation,Temperate coniferous forest,Temperate,Terrestrial,Plants,28,Henning Meesenburg,NA
620,LTER ICP Solling Germany Beech Forest Ground Vegetation,Temperate broadleaf and mixed forests,Temperate,Terrestrial,Plants,28,Henning Meesenburg,NA
621,LTER ICP Solling Germany Spruce Forest Vegetation,Temperate broadleaf and mixed forests,Temperate,Terrestrial,Plants,28,Henning Meesenburg,NA
622,LTER INBO Lower Seascheldt Invertebrates 1999-2005,Small river ecosystems,Temperate,Freshwater,Invertebrates,7,Gunther Van Ryckegem,NA
623,LTER INBO Lower Seascheldt Invertebrates 1999-2005,Small river ecosystems,Temperate,Freshwater,Invertebrates,8,Gunther Van Ryckegem,NA
624,LTER INBO Lower Seascheldt Waterbirds 1991-2017,Small river ecosystems,Temperate,Freshwater,Birds,27,Gunther Van Ryckegem,NA
625,LTER Lake Muggelsee Germany Phytoplankton,Small lake ecosystems,Temperate,Freshwater,Invertebrates,21,Rita Adrian,NA
626,LTER Lake Muggelsee Germany Zooplankton,Small lake ecosystems,Temperate,Freshwater,Invertebrates,21,Rita Adrian,0
627,"LTER Norholm Hede, Denmark Plants","Temperate grasslands, savannas and shrublands",Temperate,Terrestrial,Plants,91,Inger Kappel Schmidt,NA
628,LTER Rhine-Main Observatory Aquatic Invertebrates,Small river ecosystems,Temperate,Freshwater,Invertebrates,16,Peter Haase,NA
631,"NIES Fish monitoring data in Lake Kasumigaura, 2005-2021",Large lake ecosystems,Temperate,Freshwater,Fish,17,Shin-ichiro S. Matsuzaki,Kumiko Totsu
632,"Point-count bird censusing: long-term monitoring of bird abundance and diversity along the Salt River in the greater Phoenix metropolitan area, ongoing since 2013",Small river ecosystems,Temperate,Terrestrial,Birds,6,Heather Bateman,Paige Warren
636,"North Temperate Lakes LTER Core Data Phytoplankton, Paul Lake, 1984-1995",Small lake ecosystems,Temperate,Freshwater,Invertebrates,12,Stephen Carpenter,Mike Pace
637,"North Temperate Lakes LTER Core Data Phytoplankton, Paul Lake, 2013-2015",Small lake ecosystems,Temperate,Freshwater,Invertebrates,3,Stephen Carpenter,Mike Pace
638,Cascade Project at North Temperate Lakes LTER Core Data Zooplankton 1984 - 2016,Small lake ecosystems,Temperate,Freshwater,Invertebrates,33,Stephen Carpenter,Mike Pace
639,"Operation Wallacea marine site in Hoga, Indonesia - Wakatobi National Park",Tropical coral,Tropical,Marine,Fish,11,Dan Exton,NA
641,Regional Watershed Monitoring Program Fish Community Data (2018-2021),Small river ecosystems,Temperate,Freshwater,Fish,4,Jan Moryk,NA
642,"Regional Watershed Monitoring Program Benthic Macroinvertebrate Data, 2013-2021",Small lake ecosystems,Temperate,Freshwater,Invertebrates,8,Jessica Fang,Ryan Scott
643,Back into the past: Resurveying random plots to track community changes in Italian coastal dunes.,"Mediterranean forests, woodlands and scrubs",Temperate,Terrestrial,Plants,14,Marta Sperandii,NA
644,TRCA Waterfront Fish Data 2000 - 2018,Large lake ecosystems,Temperate,Freshwater,Fish,19,general,Angela Wallace
646,Cross-Scale Interactions and the Distribution-Abundance Relationship,Temperate broadleaf and mixed forests,Temperate,Terrestrial,Amphibians,15,Earl Werner,NA
647,Heatwave restructures marine intertidal communities across a stress gradient,Temperate shelf and seas ecoregions,Temperate,Marine,Invertebrates,12,Matthew Whalen,NA
650,Bees and their floral visits in Sapporo in 1979 and 1989,"Temperate grasslands, savannas and shrublands",Temperate,Terrestrial,Invertebrates,11,Takeshi Matsumura,Hisatomo Taki
651,"More coral, more fish? Contrasting snapshots from a remote Pacific atoll",Tropical coral,Tropical,Marine,Fish,29,Ricardo Beldade,NA
655,"Quadrat-based monitoring of desert grassland vegetation at the Jornada Experimental Range, New Mexico, 1915â€“2016","Tropical and subtropical grasslands, savannas and shrublands",Temperate,Terrestrial,Plants,102,Erica Christensen,Jornada Data Manager
656,Long-term zooplankton community records Lake Suwa (1996-2017),Large lake ecosystems,Temperate,Freshwater,Invertebrates,22,Masaki Sakamoto,Yuichi Miyabara
657,"Flora at LTSER Zone Atelier Armorique - France, 1994-2017 [Data set]","Temperate grasslands, savannas and shrublands",Temperate,Terrestrial,Plants,24,Audrey Alignier,Yuichi Miyabara
658,"Herpethofauna from Aguas Santa Barbara, 2016-2020","Tropical and subtropical grasslands, savannas and shrublands",Tropical,Terrestrial,Multiple,5,Marcio Martins,"Filipe C. Serrano, Bruno F. Fiorillo"
659,Ainsdale Dune Slacks LTE,Flooded grasslands and savannas,Temperate,Terrestrial,Plants,37,Jonathan Millett,"Ciara Dwyer, Sally Edmonson"
660,Alcatrazes_monitoring_program,Tropical coral,Tropical,Marine,Fish,10,Juan Pablo Quimbayo,NA
661,"Fishes inhabiting tidepools in the Tablado Beach, Amazonian Coastal Zone, during the Wet Season",Multiple,Tropical,Marine,Fish,4,Bruno Eleres Soares,Luciano Fogaca de Assis Montag
662,NA,"Tropical and subtropical grasslands, savannas and shrublands",Tropical,Terrestrial,Plants,2,Cassy Anne Rodrigues,Alessandra Fidelis
663,Dynamic and diverse amphibian assemblages: Can we differentiate natural processes from human induced changes?,"Tropical and subtropical grasslands, savannas and shrublands",Tropical,Freshwater,Amphibians,19,Nathalia G. S. Lima,Paula C. Eterovick
664,Coastal batoid surveys in the Levant,Temperate shelf and seas ecoregions,Temperate,Marine,Fish,7,Shahar Chaikin,NA
665,Birds from Carlos Botelho Park,Tropical and subtropical moist broadleaf forests,Temperate/Tropical,Terrestrial,Birds,2,Alexsander Zamorano Antunes,NA
666,Dung beetles from Santa Catarina Island,Tropical and subtropical moist broadleaf forests,Tropical,Terrestrial,Invertebrates,4,Malva Isabel Medina Hernandez,NA
667,Fish assemblage distribution along free-flowing rivers entering a reservoir cascade,Large river ecosystems,Tropical,Freshwater,Fish,3,Paulo S.Pompeu,NA
668,Insectivorous bats responses to land-use change and wildfires in Madeira island.,Tropical and subtropical moist broadleaf forests,Temperate/Tropical,Terrestrial,Mammals,6,Diogo F. Ferreira,Rym Nouioua
669,Phytoplankton Lake Bidighinzu,Small lake ecosystems,Temperate,Freshwater,Invertebrates,28,Bachisio Mario Padedda,Antonella Luglie
672,Operation Wallacea: Dominica birds,Tropical and subtropical moist broadleaf forests,Tropical,Terrestrial,Birds,3,Andrew Fairbairn,Thomas E. Martin
673,Operation Wallacea: Ecuador Amphibians,Tropical and subtropical moist broadleaf forests,Tropical,Terrestrial,Amphibians,3,Oliver Thomas,Thomas E. Martin
674,Operation Wallacea: Ecuador Reptiles,Tropical and subtropical moist broadleaf forests,Tropical,Terrestrial,Reptiles,3,Oliver Thomas,Thomas E. Martin
675,Operation Wallacea: Honduras Bats,Tropical and subtropical moist broadleaf forests,Tropical,Terrestrial,Mammals,14,Pamela Medina-van Berkum,Merlijn Jocque
676,Operation Wallacea: Honduras Birds,Tropical and subtropical moist broadleaf forests,Tropical,Terrestrial,Birds,14,Samuel E.I. Jones,Thomas Edward Martin
677,Operation Wallacea: Madagascan Amphibians,Tropical and subtropical dry broadleaf forests,Tropical,Terrestrial,Amphibians,7,Peter R. Long,Thomas E. Martin
678,Operation Wallacea: Madagascan Reptiles,Tropical and subtropical dry broadleaf forests,Tropical,Terrestrial,Reptiles,8,Peter R. Long,Joseph P. Wayman
679,Operation Wallacea: Mexico Amphibians,Tropical and subtropical moist broadleaf forests,Temperate/Tropical,Terrestrial,Amphibians,5,Kathy Slater,Jose Antonio L. Barao-Nobrega
680,Operation Wallacea: Mexico Butterflies,Tropical and subtropical moist broadleaf forests,Temperate/Tropical,Terrestrial,Invertebrates,2,Kathy Slater,Jose Antonio L. Barao-Nobrega
681,Operation Wallacea: Mexico Large Mammal Transects,Tropical and subtropical moist broadleaf forests,Temperate/Tropical,Terrestrial,Mammals,5,Kathy Slater,Jose Antonio L. Barao-Nobrega
682,Operation Wallacea: Romania Birds Point Count,Temperate broadleaf and mixed forests,Temperate,Terrestrial,Birds,6,Joseph J. Bailey,Thomas E. Martin
683,Operation Wallacea: Romanian Butterflies,Temperate broadleaf and mixed forests,Temperate,Terrestrial,Invertebrates,6,Joseph J. Bailey,Thomas E. Martin
684,Ornamental aquaculture in streams,Tropical and subtropical moist broadleaf forests,Tropical,Freshwater,Fish,13,Andre L. B. Magalhaes,"Jean Ricardo Simoes Vitule, Vanessa Daga"
685,Plant succession in reclaimed areas,"Temperate grasslands, savannas and shrublands",Temperate,Terrestrial,Plants,6,Petr Pysek,NA
686,Reef fish in the Israeli Gulf of Aqaba,Tropical coral,Temperate/Tropical,Marine,Fish,8,Tal Gavriel,"Assaf Zvuloni, Jonathan Belmaker"
687,"Fishes inhabiting tidepools in the Tablado Beach, Amazonian Coastal Zone, during the Wet Season",Small lake ecosystems,Tropical,Freshwater,Fish,4,Bruno Eleres Soares,Erica Caramaschi
694,"SBC LTER: Beach: Time series of abundance of birds on selected beaches, ongoing since 2008",Temperate shelf and seas ecoregions,Temperate,Terrestrial,Birds,12,Jenifer E Dugan,NA
695,"Changes in the reef-coral community of Carysfort reef, Key Largo, Florida: 1974 to 1982",Temperate shelf and seas ecoregions,Temperate,Marine,Invertebrates,9,Phillip Dustan,NA
699,"Signals of resilience and change in tidepool fish communities on the Pacific coast of Vancouver Island, Canada",Temperate shelf and seas ecoregions,Temperate,Marine,Fish,51,Amanda E. Bates,John M. Green
703,"GOB Winter count of waterfowl, waders and seagulls in the Balearic Islands, 1998-2021",Small lake ecosystems,Temperate,Freshwater,Birds,24,Patrick Moussa,GOB-Mallorca
704,"Changes in breeding bird populations of an oak-wood on Bookham Common, Surrey, over twenty-seven years",Temperate broadleaf and mixed forests,Temperate,Terrestrial,Birds,27,Geoffrey Beven,NA
705,Estudio de seguimiento de las reservas marinas de Cabo de Palos - Islas Hormigas y Cabo TiÃ±oso,Temperate shelf and seas ecoregions,Temperate,Marine,Fish,23,J.A. Garcia Charton,NA
706,Long-term dynamics of Mediterranean frugivorous birds and fleshy fruits: a 12-year study,"Mediterranean forests, woodlands and scrubs",Temperate,Terrestrial,Birds,13,Carlos M. Herrera,NA
707,Population trends of Laridae and Sternidae breeding in the Comacchio Laggon (NE Italy) between 1977 and 2001,Small lake ecosystems,Temperate,Marine,Birds,25,Pierandrea Brichetti,NA
708,Terrestrial reptile counts in DoÃ±ana 2005-2021,"Temperate grasslands, savannas and shrublands",Temperate,Terrestrial,Reptiles,17,Ana C. Andreu,Rosa Arribas
710,Cens Internacional d'ocells aquÃ tics i marins hivernants a Catalunya de gener de 2021,Large river delta ecosystems,Temperate,Marine,Birds,37,Ricard Gutierrez,NA
711,"The composition and dynamics of the passerine bird community in a subalpine birch forest, Swedish Lapland. A 20-year study",Boreal forests / taiga,Polar/Temperate,Terrestrial,Birds,20,NA,NA
712,Long-term decline of a winter-resident bird community in Puerto Rico,Tropical and subtropical dry broadleaf forests,Tropical,Terrestrial,Birds,22,Jon Faaborg,NA
713,Temporal dynamics of marginal steppic vegetation over a 26-year period of substantial environmental change,"Temperate grasslands, savannas and shrublands",Temperate,Terrestrial,Plants,26,Silvia Matesanz,NA
714,Long-term dynamics of small-mammal populations in Ontario,Temperate broadleaf and mixed forests,Temperate,Terrestrial,Mammals,44,John M. Fryxell,NA
715,"Interspecific interactions, population variation, and environmental forcing in the context of the community","Temperate grasslands, savannas and shrublands",Temperate,Terrestrial,Birds,28,Elizabeth L. Porzig,NA
716,"Waterfowl counts in Pasvik nature reserve, 1996-2020",Large river ecosystems,Polar,Freshwater,Birds,25,Morten Gunther,Tor-Arne Bjorn
717,Long-term woodpecker winter population dynamics in the Tatarstan Republic,Temperate broadleaf and mixed forests,Temperate,Terrestrial,Birds,25,Arthur Askeyev,Oleg Askeyev
718,"Nest population size and potential production of geese and spectacled eiders on the Yukon-Kuskokwim Delta, Alaska, 1985-2013",Large river delta ecosystems,Polar,Marine,Birds,29,Julian B. Fischer,NA
719,"Nest population size and potential production of geese and spectacled eiders on the Yukon-Kuskokwim Delta, Alaska, 1985-2013",Large river delta ecosystems,Polar,Marine,Birds,26,Julian B. Fischer,NA
720,BioBasis Zackenberg - Breeding birds abundance,Polar ecoregions,Polar,Terrestrial,Birds,25,Niels Martin Schmidt,Jannik Hansen
721,CERN Long-term Monitoring Dataset of Plant Communities in Dongting Lake Beach (2011-2015),Large lake ecosystems,Temperate/Tropical,Freshwater,Plants,5,Xie Yonghong,NA
722,"CERN Gansu Linze desert plant communities, 2005-2008â€” soil macrofauna",Deserts and xeric shrublands,Temperate,Terrestrial,Plants,4,NA,NA
723,"CERN Gansu Linze desert plant communities, 2005-2008â€” station monitoring",Deserts and xeric shrublands,Temperate,Terrestrial,Plants,3,NA,NA
724,CERN Gansu Linze desert plant communities 2005-2008â€” auxiliary monitoring,Deserts and xeric shrublands,Temperate,Terrestrial,Plants,3,NA,NA
725,CERN A dynamic dataset of plant community composition in HulunBuir Stipa Baicalensis meadow steppe (2009â€“2015),"Temperate grasslands, savannas and shrublands",Temperate,Terrestrial,Plants,7,XIN Xiaoping,NA
726,CERN Biomass data of Huitong Chinese fir forest Station from 1973 to 2007,Temperate broadleaf and mixed forests,Temperate,Terrestrial,Plants,7,NA,NA
727,"CERN A plant community dataset of marsh ecosystem for Sanjiang Plain, China 2013 â€“ 2015",Flooded grasslands and savannas,Temperate,Freshwater,Plants,3,TAN Wenwen,ZHAO Zhichun
728,"CERN A plant community dataset of marsh ecosystem for Sanjiang Plain, China 2000 â€“ 2012",Flooded grasslands and savannas,Temperate,Freshwater,Plants,13,TAN Wenwen,ZHAO Zhichun
729,"CERN Observational data of plant community species composition of QinLing Station in Shanxi province, 2007-2008",Temperate broadleaf and mixed forests,Temperate,Terrestrial,Plants,2,NA,NA
730,"CERN Zhejiang Tiantong soil macrofauna community, 2007-2009",Tropical and subtropical moist broadleaf forests,Temperate/Tropical,Terrestrial,Invertebrates,2,Fangfang Yao,Xihua Wang
735,"CERN Guangdong Dinghu Mountain soil macrofauna community, 2004 to 2005",Temperate broadleaf and mixed forests,Temperate/Tropical,Terrestrial,Invertebrates,2,Qianmei Zhang,NA
736,CERN Guangdong Dinghu Mountain plant community composition from 2003 to 2008 - herbs,Temperate broadleaf and mixed forests,Temperate/Tropical,Terrestrial,Plants,2,Qianmei Zhang,NA
737,CERN Guangdong Dinghu Mountain plant community composition from 2003 to 2008 - shrub,Temperate broadleaf and mixed forests,Temperate/Tropical,Terrestrial,Plants,7,Qianmei Zhang,NA
738,"CERN Guangdong Heshan soil macrofauna community, 1994-2005",Temperate broadleaf and mixed forests,Temperate/Tropical,Terrestrial,Invertebrates,12,Raoxing Quan,NA
739,"CERN Inner Mongolia Xilingol plant assemblage monitoring, 2005-2008","Temperate grasslands, savannas and shrublands",Temperate,Terrestrial,Plants,4,"Xingguo Han, Yongfei Bai, Qingmin Pan, Nianpeng He",NA
740,"CERN Ningxia Shapotou desert fauna community, 2003-2008",Deserts and xeric shrublands,Temperate,Terrestrial,Invertebrates,5,"Xinrong Li, Haiyan Zhou, Xinping Wang",NA
741,"CERN Jiangsu Taihu Lake phytoplankton community composition, 1991-2008",Large lake ecosystems,Temperate/Tropical,Freshwater,Multiple,16,Guangwei Zhu,NA
742,A dataset of species composition and biomass in successional stages of Tiantong typical evergreen broad-leaved forest (2008â€“2017),Temperate broadleaf and mixed forests,Temperate/Tropical,Terrestrial,Plants,10,Haibo Yang,NA
743,"Assemblages of herbs in Heshan station in Guangdong Province China, 2005-2007",Temperate broadleaf and mixed forests,Tropical,Terrestrial,Plants,3,Xing-Quang Rao (饶兴权),NA
744,"Assemblages of shrubs in Heshan station in Guangdong Province China, 2005-2007",Temperate broadleaf and mixed forests,Tropical,Terrestrial,Plants,3,Xing-Quang Rao,NA
745,"Observational data of  bird community species composition of Sanjiang station in Heilongjiang Province China, 2001-2005",Small lake ecosystems,Temperate,Terrestrial,Birds,6,Sanjiang station in Heilongjiang Province China,NA
746,"Observational data of  plant community species composition of Sanjiang station in Heilongjiang Province China, 2000-2006",Small lake ecosystems,Temperate,Terrestrial,Plants,7,Sanjiang station in Heilongjiang Province China,NA
747,"Plant community monitoring data in the Inner Mongolia Hulun Buir research station, 2006-2008","Temperate grasslands, savannas and shrublands",Temperate,Terrestrial,Plants,3,Ruirui Yan (闫瑞瑞),NA
748,TaiHu lake's zooplankton community composition data of 8 plots from the year 1997 to 2002,Large lake ecosystems,Temperate,Freshwater,Invertebrates,6,Shen Min,NA
749,Observational data on shrub composition at Gongga Mountain in Sichuan Province of China in the year 1999 and 2005,Temperate broadleaf and mixed forests,Temperate,Terrestrial,Plants,7,Yang Yang (杨阳),NA
750,Observational data on tree composition at Gongga Mountain in Sichuan Province of China in the year 1999 and 2005,Temperate broadleaf and mixed forests,Temperate,Terrestrial,Plants,7,Yang Yang (杨阳),NA
751,"Plant compositions in the herbaceous layer of forest communities in Xishuangbanna, Sichuan Province of China from 1999 to 2006",Tropical and subtropical moist broadleaf forests,Tropical,Terrestrial,Plants,6,Yan Luo (罗艳),NA
752,"Plant compositions in the shrub layer of forest communities in Xishuangbanna, Sichuan Province of China from 2001 to 2006",Tropical and subtropical moist broadleaf forests,Tropical,Terrestrial,Plants,6,Yan Luo (罗艳),NA
753,"Plant compositions in the tree layer of forest communities in Xishuangbanna, Sichuan Province of China from 1998 to 2006",Tropical and subtropical moist broadleaf forests,Tropical,Terrestrial,Plants,9,Yan Luo (罗艳),NA
754,Cottonwood Lake Study Area - Invertebrate Counts (ver. 2.0),"Temperate grasslands, savannas and shrublands",Temperate,Freshwater,Invertebrates,30,U.S. Geological Survey - ScienceBase,Northern Prairie Wildlife Research Center
755,Cottonwood Lake Study Area - Amphibians (ver. 2.0),"Temperate grasslands, savannas and shrublands",Temperate,Freshwater,Amphibians,29,David M Mushet,"Matthew J Solensky, npwrc_datamanager"
756,Data from: Using beta diversity to inform agricultural policies and conservation actions on Mediterranean farmland,"Mediterranean forests, woodlands and scrubs",Temperate,Terrestrial,Birds,18,Joana Santana,NA
761,"Amphibians and reptiles of TrÃªs Lagoas, Mato Grosso do Sul, Brazil","Tropical and subtropical grasslands, savannas and shrublands",Tropical,Terrestrial,Multiple,5,Luis Felipe Toledo,NA
762,Anurans Pitfall Traps Southern Brazil,"Tropical and subtropical grasslands, savannas and shrublands",Tropical,Terrestrial,Amphibians,3,Tiago Gomes dos Santos,Sonia Zanini Cechin
763,Slug Numbers â€“ Beckingham 1999 â€“ 2002 (series 1999-2001),Temperate broadleaf and mixed forests,Temperate,Terrestrial,Invertebrates,3,Chris du Feu,NA
764,Slug Numbers â€“ Beckingham 1999 â€“ 2002 (series 2001-2002),Temperate broadleaf and mixed forests,Temperate,Terrestrial,Invertebrates,2,Chris du Feu,NA
765,"Abundances of stream benthic macroinvertebrates during a 6-year monitoring period of a glacier-fed stream in South Tyrol, Italy",Small river ecosystems,Temperate,Freshwater,Invertebrates,6,Alberto Scotti,Roberta Bottarin
766,"Abundances of stream benthic macroinvertebrates and related environmental variables of a glacier-fed stream in South Tyrol, Italy (2016-2022)",Small river ecosystems,Temperate,Freshwater,Invertebrates,7,Alberto Scotti,Roberta Bottarin
768,Farmland bird monitoring data in North-east Germany 1999-2002 &amp; 2013-2015,Temperate broadleaf and mixed forests,Temperate,Terrestrial,Birds,17,Michael Glemnitz,NA
769,BahÃ­a Blanca Estuary Puerto Cuatreros - Ciliates (1986-2006),Temperate shelf and seas ecoregions,Temperate,Marine,Multiple,21,Valeria Ana Guinder,M. Celeste Lopez-Abbate
774,Trinidad's Northern Range Freshwater Diatom Survey (2011-2015),Small river ecosystems,Tropical,Freshwater,Plants,5,Amy E. Deacon,Anne E. Magurran
778,Trinidad's Northern Range Freshwater Fish Survey (2011-2015),Small river ecosystems,Tropical,Freshwater,Fish,5,Amy E. Deacon,Anne E. Magurran
779,Fish Communities - Forillon,Small river ecosystems,Temperate,Freshwater,Fish,10,Daniel Sigouin,NA
786,"Netherlands ground beetles, Insect Change study 1102",Temperate broadleaf and mixed forests,Temperate,Terrestrial,Invertebrates,61,Roel van Klink,NA
788,Wildlife of a garden: hoverflies,Temperate broadleaf and mixed forests,Temperate,Terrestrial,Invertebrates,30,Francis Gilbert,NA
789,Ants assemblages in the Portal LTER,Deserts and xeric shrublands,Tropical,Terrestrial,Invertebrates,22,Roeal van Klink,Morgan Ernest
790,Ground beetles in the Dolomites,Multiple,Polar/Temperate,Terrestrial,Invertebrates,30,Roberto Pizzolotto,NA
791,"Long-term (2005â€“2017) macromoth community monitoring at Mt. Jirisan National Park, South Korea",Temperate coniferous forest,Temperate,Terrestrial,Invertebrates,64,Sei-Woong Choi,NA
793,"Monthly drift samples of invertebrates from the River Pawnmpawm, Ghana",Small river ecosystems,Tropical,Freshwater,Invertebrates,2,Rosina Kyerematen,NA
794,"Surber samples of invertebrates from the River Pawnmpawm, Ghana",Small river ecosystems,Tropical,Freshwater,Invertebrates,2,Rosina Kyerematen,NA
795,Trinidad's Northern Range Freshwater Invertebrate Survey (2011-2015),Small river ecosystems,Tropical,Freshwater,Invertebrates,5,Amy E. Deacon,Anne E. Magurran
799,Monthly data of mesozooplankton abundance and biomass for a shelf station off A CoruÃ±a (NW Spain): 1990-2018 (Series 1990-1996),Temperate shelf and seas ecoregions,Temperate,Marine,Invertebrates,7,Antonio Bode,NA
800,Monthly data of mesozooplankton abundance and biomass for a shelf station off A CoruÃ±a (NW Spain): 1990-2018 (Series 1997-2018),Temperate shelf and seas ecoregions,Temperate,Marine,Invertebrates,22,Antonio Bode,NA
801,BahÃ­a Blanca Estuary Puerto Cuatreros - Microzooplankton (2008-2010),Temperate shelf and seas ecoregions,Temperate,Marine,Multiple,3,Valeria Ana Guinder,M. Celeste Lopez-Abbate
802,Latvia LTER Scots pine forest oribatid mite communities 1998-2006,Temperate coniferous forest,Temperate,Terrestrial,Invertebrates,9,Tancredi Caruso,NA
803,Monthly series of phytoplankton abundance collected between 1989 and 2016 at A CoruÃ±a (NW Spain) (Series 1989-2008),Temperate shelf and seas ecoregions,Temperate,Marine,Plants,20,Antonio Bode,NA
804,Monthly series of phytoplankton abundance collected between 1989 and 2016 at A CoruÃ±a (NW Spain) (Series 2009-2016),Temperate shelf and seas ecoregions,Temperate,Marine,Plants,8,Antonio Bode,NA
805,BahÃ­a Blanca Estuary Puerto Cuatreros - Phytoplankton (2008-2010),Temperate shelf and seas ecoregions,Temperate,Marine,Multiple,3,Valeria Ana Guinder,M. Celeste Lopez-Abbate
806,"BahÃ­a Blanca Estuary Puerto Cuatreros - Phytoplankton (2006-2008,2012)",Temperate shelf and seas ecoregions,Temperate,Marine,Multiple,7,Valeria Ana Guinder,M. Celeste Lopez-Abbate
807,Reptiles Pitfall Traps Southern Brazil,"Tropical and subtropical grasslands, savannas and shrublands",Tropical,Terrestrial,Reptiles,3,Tiago Gomes dos Santos,Sonia Zanini Cechin
808,Tel-Aviv University bottom trawl surveys,Temperate shelf and seas ecoregions,Temperate,Marine,Fish,8,Shahar Chaikin,Jonathan Belmaker
809,Treswell Wood Standard Site Bird Capture Data 1978-2020,Temperate broadleaf and mixed forests,Temperate,Terrestrial,Birds,43,Chris du Feu,John Clark
811,"Seasonal variation and effect of non-native invasive vegetation on two bird communities in northeast of Buenos Aires province, Argentina","Temperate grasslands, savannas and shrublands",Temperate,Terrestrial,Birds,2,Facundo X. Palacio,NA
812,"Urbanization as a driver of taxonomic, functional, and phylogenetic diversity losses in bird communities","Temperate grasslands, savannas and shrublands",Temperate,Terrestrial,Birds,32,Facundo X. Palacio,NA
814,Whitelands Wood Birds Survey,Temperate broadleaf and mixed forests,Temperate,Terrestrial,Birds,13,Fritha West,NA
822,Latvia LTER Forest soil Collembola,Temperate coniferous forest,Temperate,Terrestrial,Invertebrates,11,Tara Dirilgen,Tancredi Caruso
834,Operation Wallacea: Honduras Bats,Tropical and subtropical moist broadleaf forests,Tropical,Terrestrial,Mammals,14,Pamela Medina-van Berkum,Merlijn Jocque
835,Operation Wallacea: Mexico Reptiles,Tropical and subtropical moist broadleaf forests,Temperate/Tropical,Terrestrial,Reptiles,5,Kathy Slater,Jose Antonio L. Barao-Nobrega
836,"Herpetofauna of Kings Park, Perth, Western Australia 2015-2021","Mediterranean forests, woodlands and scrubs",Temperate,Terrestrial,Multiple,7,Dr Rob A. Davis,Dr Tim S. Doherty
839,"Lizard pitfall trap data from 11 NPP study locations at the Jornada Basin LTER site, 1989-2006",Deserts and xeric shrublands,Temperate,Terrestrial,Reptiles,18,David C Lightfoot,NA
850,Freshwater fish surveys (NFPD) (Electrofishing Single Catch - Timed Quadrat),Multiple,Temperate,Freshwater,Fish,4,Data Services Platform Defra,NA
851,Freshwater fish surveys (NFPD) (Fixed Trap Single Catch),Multiple,Temperate,Freshwater,Fish,18,Data Services Platform Defra,NA
852,Freshwater fish surveys (NFPD) (Fyke Netting Catch Depletion),Multiple,Temperate,Freshwater,Fish,9,Data Services Platform Defra,NA
862,Freshwater fish surveys (NFPD) (Trapping Single Catch),Multiple,Temperate,Freshwater,Fish,4,Data Services Platform Defra,NA
866,Freshwater fish surveys (NFPD) (Wrap Around Seine Netting Single Catch - Part Width),Multiple,Temperate,Freshwater,Fish,7,Data Services Platform Defra,NA
867,"Forest Inventory of a Northern Hardwood Forest: Watershed 6, Hubbard Brook Experimental Forest (Trees &gt;=2cm to &lt;=10cm dbh, 1982-1987)",Temperate broadleaf and mixed forests,Temperate,Terrestrial,Plants,6,"Information Manager, Hubbard Brook LTER",NA
868,"Forest Inventory of a Northern Hardwood Forest: Watershed 6, Hubbard Brook Experimental Forest (Trees &gt;=2cm to &lt;=10cm dbh, 1992-2017)",Temperate broadleaf and mixed forests,Temperate,Terrestrial,Plants,26,"Information Manager, Hubbard Brook LTER",NA
875,The Australian Phytoplankton Database (1844 - ongoing): Project 1051 Huon River sampling,Temperate shelf and seas ecoregions,Temperate,Marine,Invertebrates,3,Claire Davies,Lesley Clementson
877,The Australian Phytoplankton Database (1844 - ongoing): Project 1054 Phytoplankton dynamics Ballina NSW,Temperate shelf and seas ecoregions,Temperate,Marine,Invertebrates,2,Claire Davies,David Rissik
879,The Australian Phytoplankton Database (1844 - ongoing): Project 1057 Phytoplankton from coastal lagoons in Sydney,Temperate shelf and seas ecoregions,Temperate,Marine,Invertebrates,4,Claire Davies,Shauna Murray
880,The Australian Phytoplankton Database (1844 - ongoing): Project 1058 Storm Bay phytoplankton,Temperate shelf and seas ecoregions,Temperate,Marine,Invertebrates,2,Claire Davies,Kerrie Swadling
882,The Australian Phytoplankton Database (1844 - ongoing): Project 1064 Hornsby Shire Council monitoring,Small river ecosystems,Temperate,Freshwater,Invertebrates,13,Claire Davies,Peter Coad
886,"The Australian Phytoplankton Database (1844 - ongoing): Project 782, Phytoplankton Port Hacking 100m station",Temperate shelf and seas ecoregions,Polar/Temperate,Marine,Invertebrates,13,Claire Davies,Penelope Ajani
889,The Australian Phytoplankton Database (1844 - ongoing): Project 806 Seagrass nutrient uptake studies,Temperate shelf and seas ecoregions,Polar/Temperate,Marine,Invertebrates,2,Claire Davies,Sasi Nayar
890,The Australian Phytoplankton Database (1844 - ongoing): IMOS Southern Ocean Time Series,Temperate shelf and seas ecoregions,Polar/Temperate,Marine,Invertebrates,3,Claire Davies,Ruth Eriksen
892,The Australian Zooplankton Database (Project ID 10): Zooplankton sampling in Albatross Bay,Multiple,Tropical,Marine,Invertebrates,3,Claire Davies,Peter Rothlisberg
894,"The Australian Zooplankton Database (Project ID 17): A multi-disciplinary study of larval fish distributions and biological oceanographic processes near North West Cape, Western Australia.",Multiple,Temperate/Tropical,Marine,Invertebrates,6,Claire Davies,Anthony Richardson
895,"The Australian Zooplankton Database (Project ID 19): Chaetognath, siphonophore and jelly data from Hillarys transect in WA, SFRME",Temperate shelf and seas ecoregions,Temperate,Marine,Invertebrates,2,Claire Davies,Daniel Gaughan
898,The Australian Zooplankton Database (Project ID 22): Zooplankton sampling from Maria Island,Temperate shelf and seas ecoregions,Temperate,Marine,Invertebrates,2,Claire Davies,Kerrie Swadling
899,The Australian Zooplankton Database (Project ID 23): Zooplankton sampling from the mid-slope off the south coast of Tasmania,Temperate shelf and seas ecoregions,Temperate,Marine,Invertebrates,2,Claire Davies,Kerrie Swadling
900,The Australian Zooplankton Database (Project ID 4): Zooplankton sampling in Darwin Harbour  (Dec 2002 - Oct 2004),Multiple,Tropical,Marine,Invertebrates,3,Claire Davies,Kerrie Swadling
901,"The Australian Zooplankton Database (Project ID 591): PhD; Zooplankton community dynamics: Biomass, abundance, and feeding in subtropical Moreton Bay (including 2011 flood sampling)",Multiple,Temperate/Tropical,Marine,Invertebrates,3,Claire Davies,Anthony Richardson
907,"The Australian Zooplankton Database (Project ID 7): Understanding water column and pelagic ecosystem processes affecting South Scott lagoon, Western Australia - 100 micron",Multiple,Tropical,Marine,Invertebrates,2,Claire Davies,Anthony Richardson
908,The Australian Zooplankton Database (Project ID 9): Planning tools for environmentally sustainable tropical finfish cage culture in Indonesia and northern Australia,Multiple,Tropical,Marine,Invertebrates,2,Claire Davies,Anthony Richardson
