"X","STUDY_ID","CENT_LAT","CENT_LONG","TAXA","TITLE","START_YEAR","END_YEAR","NUMBER_OF_SPECIES","CONTACT_1","CONTACT_2","BIOME_MAP","CLIMATE","REALM","DURATION"
1,10,47.4,-95.12,"Terrestrial plants","Windstorm disturbance without patch dynamics twelve years of change in a Minnesota forest",1984,1996,25,"Sara Webb","Sara Scanga","Temperate broadleaf and mixed forests","Temperate","Terrestrial",12
2,18,44.33,-112.33,"Terrestrial plants","Mapped quadrats in sagebrush steppe long-term data for analyzing demographic rates and plant to plant interactions",1923,1973,98,"Luke Zachmann","","Deserts and xeric shrublands","Temperate","Terrestrial",50
3,33,50.25,-4.217,"Marine plants","Long-term phytoplankton community dynamics in the Western English Channel",1992,2009,170,"Claire Widdicombe","","Temperate shelf and seas ecoregions","Temperate","Marine",17
4,39,43.91,-71.75,"Birds","Bird community dynamics in a temperate deciduous forest Long-term trends at Hubbard Brook",1970,2015,52,"Richard Holmes","Tom Sherry","Temperate broadleaf and mixed forests","Temperate","Terrestrial",45
5,41,39.5,-82.48,"Birds","Time and space and the variation of species",1923,1940,56,"Author now deceased","Queries at Ecology","Temperate broadleaf and mixed forests","Temperate","Terrestrial",17
6,45,-17.5,-149,"Fish","MCR LTER Coral Reef Long-term Population and Community Dynamics Fishes",2006,2015,338,"Andrew Brooks","LTER contact","Tropical seas","Tropical","Marine",9
7,46,51.698,-5.277,"Birds","Skokholm Bird Observatory",1928,1979,29,"Mark Williamson","","Temperate broadleaf and mixed forests","Temperate","Terrestrial",51
8,47,50.845447,-107.446257,"Birds","Detection of Density-Dependent Effects in Annual Duck Censuses",1952,1977,13,"William Vickery","Tom Nudds","Temperate grasslands, savannas and shrublands","Temperate","Terrestrial",25
9,51,61.9241,25.7482,"Birds","Fluctuations and long-term in the relative densities of tetraonid populations in Finland. 1964-77",1964,1977,4,"Harto Linden","Global Population Dynamics Database","Boreal forests/Taiga","Temperate","Terrestrial",13
10,52,67.75,29.5,"Mammals","A transect survey of small land carnivore and red fox populations on a subarctic fell in Finnish forest Lapland over 13 winters",1968,1980,3,"Erkki Pulliainen","Global Population Dynamics Database","Boreal forests/Taiga","Polar","Terrestrial",12
11,53,45.564,-73.179,"Mammals","An 11-year study of small mammal populations at Mont St. Hilaire. Quebec",1966,1976,5,"Peter Grant","Global Population Dynamics Database","Temperate broadleaf and mixed forests","Temperate","Terrestrial",10
12,54,18.1667,-65.5,"Terrestrial invertebrates","El Verde Grid invertebrate data (Big Grid Snail Captures 1991-2007)",1991,2014,19,"Christopher Bloch","Michael Willig","Tropical and subtropical dry broadleaf forests","Tropical","Terrestrial",23
13,56,34.2,-106.43,"Mammals","Small Mammal Mark-Recapture Population Dynamics at Core Research Sites",1989,2008,28,"Seth Newsome","Mike Friggens","Deserts and xeric shrublands","Temperate","Terrestrial",19
14,57,43.9928,-89.4946,"Fish","North Temperate Lakes LTER Fish Abundance",1981,2012,76,"Emily Stanley","Corinna Gries","Small lake ecosystems","Temperate","Freshwater",31
15,58,18.19,-65.43,"Birds","Avian populations long-term monitoring dataset. San Juan. Puerto Rico Luquillo Long Term Ecological Research Site Database Grid points bird counts DBAS 23",1991,2008,31,"Robert Waide","E Melendez","Tropical and subtropical dry broadleaf forests","Tropical","Terrestrial",17
16,59,30.3226,-103.501,"Mammals","Long-term monitoring and experimental manipulation of a Chihuahuan Desert ecosystem near Portal. Arizona. USA",1977,2002,29,"Morgan Ernest","Thomas Valone","Deserts and xeric shrublands","Temperate","Terrestrial",25
17,60,9.1521,-79.8465,"Terrestrial plants","Forest Census Plot on Barro Colorado Island",1982,2015,325,"Stephen Hubbell","Richard Condit","Tropical and subtropical moist broadleaf forests","Tropical","Terrestrial",33
18,63,52.4221,-0.180928,"Terrestrial invertebrates","The development of dragonfly communities and the consequences of territorial behaviour A 27-year study on small ponds at Woodwalton Fen. Cambridgeshire. United Kingdom",1959,1988,5,"Info at Great Fen","Global Population Dynamics Database","Small lake ecosystems","Temperate","Terrestrial",29
19,67,-28.954467,24.950961,"Birds","Animal Demography Unit - Coordinated Waterbird Counts (CWAC) (AfrOBIS)",1983,2006,68,"Michael Brooks","","Deserts and xeric shrublands","Temperate","Terrestrial",23
20,68,-32.482669,20.02901,"Marine invertebrates","Marine and Coastal Management - Copepod Surveys (AfrOBIS)",1988,2000,15,"Hans Verheye","","Temperate shelf and seas ecoregions","Temperate","Marine",12
21,69,54.783267,-4.26303,"Birds","Seabird 2000 (EurOBIS)",1994,2003,27,"Ian Mitchell","Info at Birdwatch Ireland","Temperate shelf and seas ecoregions","Temperate","Marine",9
22,70,51,4,"Terrestrial invertebrates","Belgian Migrating Lepidoptera",1983,1996,25,"B Vanholder","Global Population Dynamics Database","Temperate broadleaf and mixed forests","Temperate","Terrestrial",13
23,71,73.555523,27.288975,"Marine plants","Phytoplankton from the White Sea. Barents Sea. Norwegian Sea and Arctic Basin 1993-2003",1993,2003,412,"Falk Huettmann","Cheryl Clarke-Hopcroft","Polar ecoregions","Polar/Temperate","Marine",10
24,72,65.890093,36.80637,"Marine invertebrates","White Sea Plankton",1998,2003,107,"Rob Cermak","Cheryl Clarke-Hopcroft","Polar ecoregions","Polar/Temperate","Marine",5
25,73,80.624583,-145.202313,"Marine invertebrates","Copepoda collected from Fletcher's Ice Island (T-3) in the Canadian Basin of the Arctic Ocean",1966,1969,43,"Contact at ArcCoML","Cheryl Clarke-Hopcroft","Polar ecoregions","Polar","Marine",3
26,74,80.393869,-116.643525,"Marine invertebrates","Copepoda collected from the Canada Basin Arctic Ocean Fletcher's Ice Island (T-3) 1970-1972 and AIDJEX. 1975. Phytoplankton Primary Production Below Arctic Ocean Pack Ice An Ecosystems Analysis",1970,1975,37,"Contact at ArcCoML","Cheryl Clarke-Hopcroft","Polar ecoregions","Polar","Marine",5
27,75,70.076056,-132.943077,"Marine invertebrates","Zooplankton Data from the Canadian Beaufort Sea Shelf. 1984 and 1985 NOGAP B2. Zooplankton Data from the Canadian Beaufort Sea Shelf. 1986. Central and Arctic Region",1985,1987,304,"C Hopcroft","Cheryl Clarke-Hopcroft","Polar ecoregions","Polar","Marine",2
28,76,53.928422,-0.500147,"Benthos","A comparison of benthic biodiversity in the North Sea. English Channel and Celtic Seas",1992,1996,212,"H Rees","","Temperate shelf and seas ecoregions","Temperate","Marine",4
29,77,38.696508,-0.675526,"Birds","MEDITS Seabird surveys 1999 - 2000 - 2002",1999,2002,16,"Maite Louzao","Daniel Oro","Temperate shelf and seas ecoregions","Temperate","Marine",3
30,78,56.729642,18.236359,"Benthos","IOW Macrozoobenthos monitoring Baltic Sea (1980-2005) (EurOBIS)",1980,2005,212,"Michael Zettler","","Temperate shelf and seas ecoregions","Temperate","Marine",25
31,81,57.767014,-2.642995,"Mammals","CRRU Cetacean sighting in Scotland waters 1997-2010",1997,2010,9,"Kevin Robinson","","Temperate shelf and seas ecoregions","Temperate","Marine",13
32,84,44.948645,33.752702,"Marine plants","Macroalgae of the Crimean coastal zone (Black Sea. 1967-2007)",1967,2007,104,"Boltachov Alexander Romanovich","Nataliya Milchakova","Temperate shelf and seas ecoregions","Temperate","Marine",40
33,85,53.604782,4.248107,"Marine invertebrates","North Sea observations of Crustacea. Polychaeta. Echinodermata. Mollusca and some other groups between 1986 and 2003",1992,2003,354,"W Addinck","M de Kluijver","Temperate shelf and seas ecoregions","Temperate","Marine",11
34,86,44.682583,35.439567,"Marine plants","Phytoplankton of the Ukrainian Black Sea shelf (1985-2005)",1985,1998,368,"Natalya Derezuyk","Francisco Hernandez","Temperate shelf and seas ecoregions","Temperate","Marine",13
35,87,51.54925,3.912051,"Marine plants","Phytoplankton in the Oosterschelde before. during and after the storm-surge barrier (1982-1990)",1982,1990,109,"Peter Herman","","Temperate shelf and seas ecoregions","Temperate","Marine",8
36,90,44.775118,-2.829299,"Marine invertebrates","Zooplankton in the Bay of Biscay (1995-2004. yearly DEPM surveys)",1995,2004,66,"Unai Cotano","Francisco Hernandez","Temperate shelf and seas ecoregions","Temperate","Marine",9
37,91,57.038966,20.555517,"Birds","Baltic seabirds transect surveys",1992,1999,68,"Gedas Vaitkus","","Temperate shelf and seas ecoregions","Temperate","Marine",7
38,92,65.968523,38.131417,"Benthos","Benthos of the White Sea - A database",1981,2010,526,"Andrew Naumov","","Polar ecoregions","Polar/Temperate","Marine",29
39,96,78.976041,83.86024,"Marine invertebrates","Structure and function of contemporary food webs on Arctic shelves A panarctic comparison. The pelagic system of the Kara Sea- communities and components of carbon flow (ArcOD/AOOS)",1997,2001,100,"C Hopcroft","Cheryl Clarke-Hopcroft","Polar ecoregions","Polar","Marine",4
40,97,72.739441,10.694448,"Marine invertebrates","Archives of the Arctic Seas Zooplankton (ARC)",1921,1973,402,"Information Manager","","Multiple ecoregions","Polar/Temperate","Marine",52
41,98,70.143381,-134.563274,"Benthos","Zoobenthos data from the Southern Beaufort Sea. 1971-1975 (ArcOD/AOOS)",1971,1975,336,"C Hopcroft","Cheryl Clarke-Hopcroft","Polar ecoregions","Polar","Marine",4
42,99,-25.597857,134.025057,"Fish","CSIRO Marine Data Warehouse (OBIS Australia)",1978,1997,761,"Dave Watts","","Multiple ecoregions","Temperate/Tropical","Marine",19
43,108,-27.17355,3.945813,"Birds","Seabirds of the Southern and South Indian Ocean (Australian Antarctic Data Centre)",1977,2006,123,"Dave Watts","Eric Woehler","Multiple ecoregions","Global","Marine",29
44,110,55.523995,-3.240631,"Benthos","Marine Nature Conservation Review (MNCR) and associated benthic marine data held and managed by JNCC (EurOBIS)",1954,2000,4120,"Steve Wilkinson","Contact at CEH","Temperate shelf and seas ecoregions","Temperate","Marine",46
45,112,24.981493,-51.374069,"Fish","NOAA Southeast Fishery Science Center (SEFSC) Commercial Pelagic Observer Program (POP) Data (SEFSC_POP)",1973,2005,540,"Guillermo Diaz","","Multiple ecoregions","Temperate/Tropical","Marine",32
46,113,2.695167,-10.86341,"Marine invertebrates","Southampton Oceanography Center Discovery Collections Midwater Database (collections from Discovery sailings - 1979 only year with furthest afield data)",1965,1999,2055,"P Pugh","","Multiple ecoregions","Global","Marine",34
47,117,-39.371733,3.081897,"Marine invertebrates","South Western Pacific Regional OBIS Data Asteroid Subset (South Western Pacific OBIS)",1956,2003,156,"Steve Massey","Don Robertson","Temperate shelf and seas ecoregions","Temperate","Marine",47
48,119,43.987425,-63.669701,"Fish","DFO Maritimes Research Vessel Trawl Surveys Fish Observations (OBIS Canada)",1970,2010,231,"Don Clark","","Temperate shelf and seas ecoregions","Temperate","Marine",40
49,120,10.778,-169.454,"Marine plants","CRED REA Algal Quadrate Images in the Pacific Ocean 2002-2008 (OBIS-USA)",2002,2008,260,"Coral Ecologist Team Lead (NOAA)","","Tropical coral","Temperate/Tropical","Marine",6
50,121,10.778,-169.454,"Fish","CRED Rapid Ecological Assessments of Fish Belt Transect Surveys and Fish Stationary Point Count Surveys in the Pacific Ocean 2000-2010 (OBIS-USA)",2000,2010,148,"Coral Ecologist Team Lead (NOAA)","","Tropical coral","Temperate/Tropical","Marine",10
51,122,10.778,-169.454,"Marine invertebrates","CRED Rapid Ecological Assessments of Coral Population in the Pacific Ocean 2007-2010 (OBIS-USA)",2007,2010,209,"Coral Ecologist Team Lead (NOAA)","","Tropical seas","Temperate/Tropical","Marine",3
52,123,43.891199,-68.940737,"Fish","Maine Department of Marine Resources Inshore Trawl Survey 2000?2009 (OBIS-USA)",2000,2009,144,"Sally Sherman","David Libby","Temperate shelf and seas ecoregions","Temperate","Marine",9
53,124,41.570974,-70.509903,"Marine invertebrates","A Biological Survey of the Waters of Woods Hole and Vicinity",1903,1909,606,"Richard Osman","Ajay R","Temperate shelf and seas ecoregions","Temperate","Marine",6
54,125,31.441647,-78.848859,"Fish","MARMAP Chevron Trap Survey 1990-2009 (OBIS-USA)",1988,2000,101,"Tracy Smart","Marcel Reichert","Temperate shelf and seas ecoregions","Temperate","Marine",12
55,126,31.250847,-78.751587,"Fish","MARMAP Neuston Nets 1990-2009 (OBIS-USA)",1973,1980,438,"Tracy Smart","Marcel Reichert","Temperate shelf and seas ecoregions","Temperate","Marine",7
56,127,32.334695,-78.992262,"Fish","MARMAP Florida Antillean Trap Survey 1990-2009 (OBIS-USA)",1980,1989,48,"Tracy Smart","Marcel Reichert","Temperate shelf and seas ecoregions","Temperate","Marine",9
57,128,41.380803,-67.446981,"Marine invertebrates","Zooplankton Sampled with 10m2MOCNESS Net in Georges Bank 1995-1999 (OBIS-USA)",1995,1999,341,"Laurence Madin","Erich Horgan","Temperate shelf and seas ecoregions","Temperate","Marine",4
58,129,27.694737,-89.141039,"Marine invertebrates","South TX Outer Continental Shelf and MI. AL. and FL Outer Continental Shelf benthic organism sampling 1974-1978 (OBIS-USA)",1974,1978,2561,"NODC Contact (NOAA)","","Temperate shelf and seas ecoregions","Temperate","Marine",4
59,133,-14.616657,-42.219116,"Marine invertebrates","Copepods (Tropical and Subtropical Western South Atlantic OBIS)",1954,1961,119,"Fabio L. Silveira","Alexandre Marino","Multiple ecoregions","Temperate/Tropical","Marine",7
60,135,-13.021508,-45.166281,"Fish","Previous_fisheries_REVIZEE_Program (Tropical and Subtropical Western South Atlantic OBIS)",1972,1986,151,"Alexandre Marino","Evberghe ?","Temperate shelf and seas ecoregions","Temperate/Tropical","Marine",14
61,142,-27.327812,-45.330092,"Fish","Pelagic and Demersal Fish Database II. REVIZEE South Area (WSAOBIS)",1997,2002,189,"Alexandre Marino","","Multiple ecoregions","Temperate/Tropical","Marine",5
62,143,-28.493581,-71.860312,"Marine invertebrates","COPEPODA-ESPOBIS Data Base IMO-UdeC",2002,2009,106,"Ruben Escribano","Pamela Hidalgo","Temperate shelf and seas ecoregions","Temperate/Tropical","Marine",7
63,147,-21.686209,-22.808747,"Marine invertebrates","South Western Pacific Regional OBIS Data Bryozoan Subset (South Western Pacific OBIS)",1874,2003,599,"Steve Massey","","Temperate shelf and seas ecoregions","Temperate","Marine",129
64,148,-42.407,172.26,"Fish","South Western Pacific Regional OBIS Data provider for the NIWA Marine Biodata Information System (South Western Pacific OBIS)",1964,2005,430,"Steve Massey","","Temperate shelf and seas ecoregions","Temperate/Tropical","Marine",41
65,150,-62.155019,-58.478947,"Marine invertebrates","Admiralty Bay Benthos Diversity Data Base (ABBED). ",1979,1986,44,"Jacek Sicinski","Bruno Danis","Temperate shelf and seas ecoregions","Temperate","Marine",7
66,152,43.855961,3.065693,"Marine invertebrates","CMarZ (Census of Marine Zooplankton)-Asia Database",1977,2002,163,"Shuhei Nishida","Hiroomi Miyamoto","Temperate shelf and seas ecoregions","Temperate","Marine",25
67,162,36.76236,-116.837677,"Benthos","EPA'S EMAP Database",1990,2004,5624,"Stephen Hale","","Multiple ecoregions","Temperate/Tropical","Marine",14
68,163,56.5,-168.15,"Benthos","North Pacific Groundfish Observer (North Pacific Research Board)",1993,2004,355,"Karen Stocks","","Temperate shelf and seas ecoregions","Temperate","Marine",11
69,164,44.210853,-106.505293,"Marine invertebrates","North American Sessile Marine Invertebrate SurveyCitation ",2000,2005,94,"G Ruiz","B Steves","Temperate shelf and seas ecoregions","Temperate","Marine",5
70,166,36.075242,-70.991806,"All","PIROP Northwest Atlantic 1965-1992 (SEAMAP)",1965,1992,213,"Andy Read","? Westgate","Multiple ecoregions","Global","Marine",27
71,169,34.858456,-121.614941,"All","CalCOFI and NMFS Seabird and Marine Mammal Observation Data. 1987-2006 (SEAMAP)",1987,2006,185,"Bill Sydeman","K D Hyrenbach","Temperate shelf and seas ecoregions","Temperate","Marine",19
72,171,24.896312,-76.292011,"Mammals","Bahamas Marine Mammal Research Organisation Opportunistic Sightings (SEAMAP)",1988,2008,28,"Charlotte Dunn","Info at Bahamas Whales","Multiple ecoregions","Temperate/Tropical","Marine",20
73,172,35.009739,-24.224698,"All","POPA cetacean. seabird. and sea turtle sightings in the Azores area 1998-2009 (OBIS SEAMAP)",1998,2009,47,"Andy Read","Patrick Halpin","Temperate shelf and seas ecoregions","Temperate","Marine",11
74,173,-4.228324,130.723197,"Marine invertebrates","Marine Biological Sample Database. JAMSTEC (OBIS_JAPAN)",1996,2012,678,"Tohru Iseto","","Multiple ecoregions","Temperate/Tropical","Marine",16
75,176,45.073359,-60.564453,"Marine invertebrates","Atlantic Zone Monitoring Program Maritimes Region (AZMP) plankton datasets. In Fisheries and Oceans Canada - BioChem archive (OBIS Canada)",1998,2010,320,"Jeff Spry","Mary Kennedy","Temperate shelf and seas ecoregions","Temperate","Marine",12
76,178,53.54327,-140.266034,"Fish","Pacific Shrimp Trawl Survey (OBIS Canada)",1963,2007,476,"James Boutillier","","Temperate shelf and seas ecoregions","Temperate","Marine",44
77,180,37.770564,-50.792666,"Fish","ECNASAP - East Coast North America Strategic Assessment (OBIS Canada)",1970,1995,273,"Bob Branton","","Polar ecoregions","Polar/Temperate","Marine",25
78,182,47.480915,-62.76169,"All","Snow crab research trawl survey database (Southern Gulf of St. Lawrence. Gulf region. Canada) from 1988 to 2010 (OBIS Canada)",1988,2009,33,"Mary Kennedy","","Temperate shelf and seas ecoregions","Temperate","Marine",21
79,183,43.776648,-63.751421,"Marine invertebrates","DFO Maritimes Research Vessel Trawl Surveys Invertebrate Observations (OBIS Canada)",1999,2011,16,"John Tremblay","Bob Branton","Temperate shelf and seas ecoregions","Temperate","Marine",12
80,184,66.861569,-68.964445,"Marine invertebrates","DFO Central and Arctic Multi-species Stock Assessment Surveys (OBIS_CANADA)",2006,2010,306,"Tim Siferd","","Polar ecoregions","Polar/Temperate","Marine",4
81,186,-17.98699,148.047421,"Benthos","Great Barrier Reef Seabed Biodiversity Study 2003-2006 (CMAR_ANACC)",2003,2006,4080,"Tony Rees","Jane Fromont","Tropical coral","Temperate/Tropical","Marine",3
82,187,34.142351,-118.632839,"Benthos","National Benthic Infaunal Database (NOAA NBI)",1991,2006,4415,"Contact at NCCOS (NOAA)","Leslie Irwin","Temperate shelf and seas ecoregions","Temperate/Tropical","Marine",15
83,189,18.308752,-64.748777,"Fish","St. John. USVI Fish Assessment and Monitoring Data (2002 - Present) (NOAA-CCMA)",2001,2010,254,"Kimberley Robertson","","Tropical seas","Tropical","Marine",9
84,190,17.756969,-64.604258,"Fish","St. Croix. USVI Fish Assessment and Monitoring Data (2002 - Present) (NOAA-CCMA)",2001,2010,247,"Kimberley Robertson","","Tropical seas","Tropical","Marine",9
85,191,39.123056,-66.64136,"Marine invertebrates","NEFSC Benthic Database (OBIS-USA)",1900,1975,1614,"Steven Fromm","","Temperate shelf and seas ecoregions","Temperate","Marine",75
86,192,-62.076411,79.717188,"Mammals","Whale Catches in Southern Ocean (OBIS - Australian Antarctic Data Centre)",1932,1980,6,"Dave Watts","","Polar ecoregions","Polar/Temperate","Marine",48
87,194,44.244,-122.158,"Terrestrial invertebrates","Spatial and temporal distribution and abundance of moths in the Andrews Experimental Forest. 1994 to 2004",1994,2004,578,"Julia Jones","Jeffrey Miller","Temperate coniferous forest","Temperate","Terrestrial",10
88,195,40.809241,-96.187269,"Birds","Breeding birds survey North America",1978,2007,385,"Brian McGIll","Keith Pardieck","Temperate grasslands, savannas and shrublands","Temperate","Terrestrial",29
89,196,60.466447,-1.322878,"Benthos","SOTEAG Rocky Shore Survey (Sullom Voe)",1976,2012,252,"Rebecca Kinnear","Jon Moore","Temperate shelf and seas ecoregions","Temperate","Marine",36
90,199,23.948044,120.753228,"Fish","Taiwan bottom trawl survey",2000,2003,631,"Kwang-Tsao Shao","Yung-Chang Lin (Jack)","Tropical seas","Temperate/Tropical","Marine",3
91,200,35.691706,-74.090761,"Marine invertebrates","NEFSC Benthic Database (OBIS-USA)",1956,1989,2105,"Steven Fromm","","Temperate shelf and seas ecoregions","Temperate","Marine",33
92,201,2.982,102.313,"Terrestrial plants","Pasoh Forest Dynamics Plot. Malaysia - Smithsonian Tropical Research Institute",1987,2000,840,"Christine Fletcher","Abd Rahman Kassim","Tropical and subtropical moist broadleaf forests","Tropical","Terrestrial",13
93,202,11.5989,76.5338,"Terrestrial plants","Mudumalai Forest Dynamics Plot. India - Smithsonian Tropical Research Institute",1988,2000,75,"R Sukuman","Sandeep Pulla","Tropical and subtropical moist broadleaf forests","Tropical","Terrestrial",12
94,204,51.439215,2.682711,"Benthos","MACROBEL Long term trends in the macrobenthos of the Belgian Continental Shelf",1976,2001,344,"Tom Moens","","Temperate shelf and seas ecoregions","Temperate","Marine",25
95,211,32.900962,-78.685508,"Fish","MARMAP Fly Net 1990-2009",1980,1987,127,"Tracy Smart","Marcel Reichert","Temperate shelf and seas ecoregions","Temperate","Marine",7
96,212,31.940762,-78.825083,"Fish","MARMAP Yankee Trawl 1990-2009",1973,1980,522,"Tracy Smart","Marcel Reichert","Temperate shelf and seas ecoregions","Temperate","Marine",7
97,213,36.625131,-72.635974,"Benthos","Northeast Fisheries Science Center Bottom Trawl Survey Data (OBIS-USA)",1948,2008,1023,"Linda Despres","","Temperate shelf and seas ecoregions","Temperate","Marine",60
98,214,45.34296,-122.799,"Terrestrial plants","Long-term growth mortality and regeneration of trees in permanent vegetation plots in the Pacific Northwest 1910 to present",1910,2010,39,"Mark E. Harmon","Robert J. Pabst and Suzanne M. Remillard","Temperate coniferous forest","Temperate","Terrestrial",100
99,217,46.828888,-109.981603,"Birds","Landbird Monitoring Program (UMT-LBMP)",1992,2006,268,"Richard L. Hutto","","Multiple ecoregions","Temperate","Terrestrial",14
100,221,64.844229,-148.051765,"Terrestrial plants","Vegetation Plots of the Bonanza Creek LTER Control Plots Species Count (1975 - 2004)",1975,2008,52,"Teresa Hollingsworth","","Boreal forests/Taiga","Temperate","Terrestrial",33
101,224,45.4,-93.2,"Terrestrial plants","Experiment 133 - Effect of Burning Patterns on Vegetation in the Fish Lake Burn Compartments - Shrub Survey",1995,2005,50,"Peter Reich","","Temperate broadleaf and mixed forests","Temperate","Terrestrial",10
102,225,33.43,-111.93,"Birds","Point count bird censusing long-term monitoring of bird distrubution and diversity in central Arizona-Phoenix period 2000 to 2011",2000,2011,278,"Nancy Grimm","","Deserts and xeric shrublands","Temperate","Terrestrial",11
103,226,33.43,-111.93,"Birds","Transect bird survey with data synthesis from multiple transects in the central Arizona-Phoenix area period 1998 to 2000",1998,2000,220,"Nancy Grimm","","Deserts and xeric shrublands","Temperate","Terrestrial",2
104,227,39.787579,-74.133736,"Fish","Coastal ecological data from the Virginian Biogeographic Province 1990 to 1993",1990,1993,107,"Stephen S. Hale","","Temperate shelf and seas ecoregions","Temperate","Marine",3
105,228,39.787579,-74.133736,"Benthos","Coastal ecological data from the Virginian Biogeographic Province 1990 to 1993",1990,1993,762,"Stephen S. Hale","","Temperate shelf and seas ecoregions","Temperate","Marine",3
106,229,35.138164,-83.385518,"Fish","Upper Little Tennessee River Biomonitoring Program Database - LTWA Biomonitoring Database",1988,2013,69,"William O. McLarney","","Small river ecosystems","Temperate","Freshwater",25
107,230,25.671704,-80.593082,"Marine plants","Macrophyte count data collected from Northeast Shark Slough Everglades National Park (FCE) from September 2006 to Present",2006,2008,59,"Evelyn?Gaiser","Florida Coastal Everglades LTER Program","Flooded grasslands and savannas","Temperate","Marine",2
108,231,25.483868,-80.717479,"All","Consumer Stocks Fish Vegetation and other Non-physical Data from Everglades National Park (FCE) South Florida from February 2000 to April 2005",2000,2005,138,"Joel Trexler","Florida Coastal Everglades LTER Program","Flooded grasslands and savannas","Temperate","Marine",5
109,232,-56.814716,93.88436,"Fish","Pelagic Fish Observations 1968-1999",1968,1999,185,"Dick Williams","","Polar ecoregions","Polar/Temperate","Marine",31
110,233,42.53,-72.19,"Terrestrial plants","HF044. Land Use on the Southern New England and New York Coasts 1600-2001",1999,2001,47,"David Foster","","Temperate broadleaf and mixed forests","Temperate","Terrestrial",2
111,234,43.953465,-71.739556,"Terrestrial plants","Forest Inventory of a Northern Hardwood Forest Watershed 6 ",1982,2002,15,"Information Manager at Hubbard Brook LTER","","Temperate broadleaf and mixed forests","Temperate","Terrestrial",20
112,235,43.953055,-71.735314,"Terrestrial plants","Forest Inventory of a Northern Hardwood Forest Watershed 5?",1982,1999,18,"Information Manager at Hubbard Brook LTER","","Temperate broadleaf and mixed forests","Temperate","Terrestrial",17
113,236,39.0931,-96.5586,"Fish","Fish population on selected watersheds at Konza Prairie - CFP012 - Konza fish population",1995,2006,19,"Keith B Gido","","Small river ecosystems","Temperate","Freshwater",11
114,237,43.025171,-89.325378,"Freshwater invertebrates","Madison Wisconsin Lakes Zooplankton 1976 - 1994 - old net",1976,1994,89,"Emily Stanley","","Small lake ecosystems","Temperate","Freshwater",18
115,238,43.0716,-89.3971,"Freshwater invertebrates","North Temperate Lakes LTER Zooplankton - Madison Lakes Area 1997 - current",1995,2014,32,"Emily Stanley","","Small lake ecosystems","Temperate","Freshwater",19
116,239,34.35,-106.88,"Terrestrial plants","Pinon Juniper Net Primary Production Quadrat Data from the Sevilleta National Wildlife Refuge New Mexico 1999-2001",1999,2001,123,"Douglas I. Moore","","Deserts and xeric shrublands","Temperate","Terrestrial",2
117,240,34.35,-106.88,"Terrestrial plants","Pinon-Juniper (Core Site) Quadrat Data for the Net Primary Production Study at the Sevilleta National Wildlife Refuge New Mexico (2003-present )",2003,2015,167,"Sevilleta LTER Information Manager","","Deserts and xeric shrublands","Temperate","Terrestrial",12
118,241,9.3636,-79.9547,"Terrestrial plants","Sherman Forest Dynamics Plot Panama",1996,2009,272,"Richard Condit","","Tropical and subtropical moist broadleaf forests","Tropical","Terrestrial",13
119,242,45.993278,-74.001571,"Terrestrial plants","Lac Croche understory vegetation data set (1998 to 2006)",1998,2006,12,"Alain Paquette","","Temperate broadleaf and mixed forests","Temperate","Terrestrial",8
120,243,37.446634,-75.667464,"Terrestrial plants","Long-term N-fertilized vegetation plots on Hog Island Virginia Coastal Barrier Islands 1992 to 2014",1992,2014,51,"Frank Day","","Temperate coniferous forest","Temperate","Terrestrial",22
121,245,51.058813,4.265099,"Fish","Migratory Fishes in the river Scheldt Trekvis",2007,2010,49,"Maarten Stevens","","Temperate shelf and seas ecoregions","Temperate","Marine",3
122,246,25.244306,121.624306,"Fish","Long-term monitoring dataset of fish assemblages impinged at nuclear power plants in northern Taiwan",2000,2014,335,"Kwang-Tsao Shao","","Temperate shelf and seas ecoregions","Temperate","Marine",14
123,247,43.196619,-75.919813,"Freshwater invertebrates","Zooplankton survey of Oneida Lake New York 1964 to present",1975,2006,31,"Lars Rudstam","Kristen Holeck","Small lake ecosystems","Temperate","Freshwater",31
124,248,43.833333,-102.166667,"Terrestrial plants","Evidence for long-term shift in plant community composition under decadal experimental warming",2000,2012,95,"Zheng Shi","","Temperate grasslands, savannas and shrublands","Temperate","Terrestrial",12
125,249,55.702512,12.558956,"Terrestrial invertebrates","Resource specialists lead local insect community turnover associated with temperature - analysis of an 18-year full-seasonal record of moths and beetles",1992,2009,1534,"Peter Jorgensen","Philip Thomsen","Temperate broadleaf and mixed forests","Temperate","Terrestrial",17
126,252,32.453878,-78.968171,"Fish","MARMAP Blackfish Trap Survey 1990-2009",1977,1989,48,"Marcel Reichert","","Temperate shelf and seas ecoregions","Temperate","Marine",12
127,253,46.021392,-89.652932,"Freshwater invertebrates","North Temperate Lakes LTER Zooplankton - Trout Lake Area 1982 - current",1986,2014,133,"NTL LTER Information Manager","NTL LTER Lead PI","Small lake ecosystems","Temperate","Freshwater",28
128,254,43.08111,-89.383155,"Freshwater plants","North Temperate Lakes LTER Phytoplankton - Madison Lakes Area 1995 - current",1995,2014,374,"NTL LTER Information Manager","NTL LTER Lead PI","Small lake ecosystems","Temperate","Freshwater",19
129,255,46.3667,-87.1333,"Terrestrial plants","Multi-decade. spatially explicit population studies of canopy dynamics in Michigan old-growth forests",1989,2007,22,"Kerry D. Woods","","Temperate broadleaf and mixed forests","Temperate","Terrestrial",18
130,257,43.08111,-89.383155,"Freshwater invertebrates","Madison Wisconsin Lakes Zooplankton 1976 - 1994 - new net",1991,1994,19,"Emily Stanley","","Small lake ecosystems","Temperate","Freshwater",3
131,270,41.3,1.9,"Terrestrial plants","Experimental evidence of reduced diversity of seedlings due to climate modification in a Mediterranean-type community.",1999,2002,19,"Francisco Lloret","","Mediterranean forests, woodlands and scrubs","Temperate","Terrestrial",3
132,271,34.305653,-119.874919,"Fish","Santa Barbara Coastal LTER",2000,2014,62,"Dan Reed","","Temperate shelf and seas ecoregions","Temperate","Marine",14
133,272,34.305542,-119.87585,"Marine invertebrates","Santa Barbara Coastal LTER",2000,2014,36,"Dan Reed","","Temperate shelf and seas ecoregions","Temperate","Marine",14
134,273,34.305542,-119.87585,"Marine invertebrates","Santa Barbara Coastal LTER",2000,2014,27,"Dan Reed","","Temperate shelf and seas ecoregions","Temperate","Marine",14
135,274,34.305653,-119.874919,"All","Santa Barbara Coastal LTER",2000,2014,132,"Dan Reed","","Temperate shelf and seas ecoregions","Temperate","Marine",14
136,275,-31.967534,115.83329,"Reptiles","Response of an urban remnant reptile community to summer wildfire",2009,2014,19,"Dr Rob A. Davis","Dr Tim S. Doherty","Mediterranean forests, woodlands and scrubs","Temperate","Terrestrial",5
137,276,43.2,-76.0667,"Freshwater invertebrates","Eutrophication and Dreissena Invasion as Drivers of Biodiversity A Century of Change in the Mollusc Community of Oneida Lake",1917,2012,32,"Vadim Karatayev","","Small lake ecosystems","Temperate","Freshwater",95
138,278,-42.407,172.26,"Fish","South Western Pacific Regional OBIS Data provider for the NIWA Marine Biodata Information System (South Western Pacific OBIS)",1961,2005,278,"Steve Massey","","Temperate shelf and seas ecoregions","Temperate/Tropical","Marine",44
139,280,70.224113,-134.367174,"Benthos","Zoobenthos data from the Southern Beaufort Sea. 1971-1975 (ArcOD/AOOS)",1971,1975,9,"C Hopcroft","Cheryl Clarke-Hopcroft","Polar ecoregions","Polar","Marine",4
140,281,27.903221,-87.939137,"Marine invertebrates","South TX Outer Continental Shelf and MI. AL. and FL Outer Continental Shelf benthic organism sampling 1974-1978 (OBIS-USA)",1974,1978,6,"NODC Contact (NOAA)","","Temperate shelf and seas ecoregions","Temperate","Marine",4
141,282,70.023511,-132.809137,"Marine invertebrates","Zooplankton Data from the Canadian Beaufort Sea Shelf. 1984 and 1985 NOGAP B2. Zooplankton Data from the Canadian Beaufort Sea Shelf. 1986. Central and Arctic Region",1984,1987,211,"C Hopcroft","Cheryl Clarke-Hopcroft","Polar ecoregions","Polar","Marine",3
142,283,70.187963,-133.93737,"Marine invertebrates","Zooplankton Data from the Canadian Beaufort Sea Shelf. 1984 and 1985 NOGAP B2. Zooplankton Data from the Canadian Beaufort Sea Shelf. 1986. Central and Arctic Region",1985,1986,177,"C Hopcroft","Cheryl Clarke-Hopcroft","Polar ecoregions","Polar","Marine",1
143,284,-11.20568,-43.616987,"Fish","Previous_fisheries_REVIZEE_Program (Tropical and Subtropical Western South Atlantic OBIS)",1972,1986,136,"Alexandre Marino","","Multiple ecoregions","Temperate/Tropical","Marine",14
144,285,-15.244259,-46.667196,"Fish","Previous_fisheries_REVIZEE_Program (Tropical and Subtropical Western South Atlantic OBIS)",1972,1989,206,"Alexandre Marino","","Multiple ecoregions","Temperate/Tropical","Marine",17
145,286,43.897252,-68.922052,"Fish","Maine Department of Marine Resources Inshore Trawl Survey 2000?2009 (OBIS-USA)",2000,2009,29,"Sally Sherman","David Libby","Temperate shelf and seas ecoregions","Temperate","Marine",9
146,287,43.856176,-68.983682,"Fish","Maine Department of Marine Resources Inshore Trawl Survey 2000?2009 (OBIS-USA)",2001,2009,82,"Sally Sherman","David Libby","Temperate shelf and seas ecoregions","Temperate","Marine",8
147,288,43.977389,-63.682015,"Fish","DFO Maritimes Research Vessel Trawl Surveys Fish Observations (OBIS Canada)",1970,2006,195,"Don Clark","","Temperate shelf and seas ecoregions","Temperate","Marine",36
148,289,43.984379,-63.348474,"Fish","DFO Maritimes Research Vessel Trawl Surveys Fish Observations (OBIS Canada)",1995,2010,68,"Don Clark","","Temperate shelf and seas ecoregions","Temperate","Marine",15
149,290,-25.812976,135.277583,"Fish","CSIRO Marine Data Warehouse (OBIS Australia)",1978,1995,915,"Tony Rees","","Multiple ecoregions","Temperate/Tropical","Marine",17
150,291,-25.525502,134.797825,"Fish","CSIRO Marine Data Warehouse (OBIS Australia)",1978,1990,734,"Tony Rees","","Multiple ecoregions","Temperate/Tropical","Marine",12
151,292,-25.212197,135.825419,"Fish","CSIRO Marine Data Warehouse (OBIS Australia)",1978,1995,837,"Tony Rees","","Multiple ecoregions","Temperate/Tropical","Marine",17
152,294,21.0833,105.1,"Terrestrial invertebrates","Tam Dao Butterfly communities",2003,2013,277,"Timothy C Bonebrake","Lie Van Vu","Tropical and subtropical moist broadleaf forests","Tropical","Terrestrial",10
153,295,-33.051303,139.183766,"Fish","Systematic global assessment of reef fish communities by the Reef Life Survey program",2008,2016,450,"Graham Edgar","Rick Stuart-Smith","Temperate shelf and seas ecoregions","Temperate","Marine",8
154,296,-33.051303,139.183766,"Marine invertebrates","Systematic global assessment of reef fish communities by the Reef Life Survey program",2008,2016,412,"Graham Edgar","Rick Stuart-Smith","Temperate shelf and seas ecoregions","Temperate","Marine",8
155,297,-17.524634,-149.837295,"Marine invertebrates","MCR LTERCoral Reef Long-term Population and Community Dynamics Other Benthic Invertebrates. ongoing since 2005",2005,2015,13,"Information Manager","Robert Carpenter (owner)","Tropical coral","Tropical","Marine",10
156,298,38.8,-99.3,"Terrestrial plants","Long-term mapped quadrats from Kansas prairie demographic information for herbaceaous plants",1903,1972,146,"Peter B Adler","","Temperate grasslands, savannas and shrublands","Temperate","Terrestrial",69
157,299,42.77,10.3,"Terrestrial invertebrates","Elba Island Butterflies",1898,1998,54,"Leonardo Dapporto","","Mediterranean forests, woodlands and scrubs","Temperate","Terrestrial",100
158,300,42.408852,-85.383181,"Terrestrial invertebrates","Insect Populations via Sticky Traps at KBS-LTER (Kellogg Biological Station. MI)",1989,2013,21,"Doug Landis","Stuart Gage","Temperate broadleaf and mixed forests","Temperate","Terrestrial",24
159,301,39.106,-96.611,"Terrestrial invertebrates","Konza LTER grasshopper monitoring.  Konza Prairie LTER. KS",1982,2013,51,"Dr Anthony Joern","Jayne L Jonas","Temperate grasslands, savannas and shrublands","Temperate","Terrestrial",31
160,302,-22.379,-49.6803,"Terrestrial plants","Patterns and processes affecting the dynamics and structure of seasonally semideciduous forests in SE Brazil(Padroes e processos que influenciam a dinamica e a estrutura das Florestas Estacionais Semideciduais SE Brasil)",2002,2011,151,"Tiago Egydio Barreto","Ricardo Rodrigues","Tropical and subtropical moist broadleaf forests","Tropical","Terrestrial",9
161,303,-27.859716,-50.194287,"Terrestrial plants","The influence of environmental variables on tree species component dynamics in a montane forest fragment in Lages SC Brazil Influencia de variaveis ambientais na dinamica do componente arboreo em um fragmento de Floresta Ombrofila Mista em Lages SC",2008,2016,92,"Pedro Higuchi","Ana Carolina da Silva","Tropical and subtropical moist broadleaf forests","Temperate/Tropical","Terrestrial",8
162,304,-34.27063,18.423828,"Terrestrial plants","Cape of Good Hope Permanent Plots",1966,1996,418,"Jasper Slingsby","","Mediterranean forests, woodlands and scrubs","Temperate","Terrestrial",30
163,305,35,-83.5,"Amphibians","Population estimates of Appalachian salamanders. Coweeta LTER",1976,1990,4,"R Haven Wiley","","Temperate broadleaf and mixed forests","Temperate","Terrestrial",14
164,306,42.457,-83.946,"Reptiles","Edwin S. George Reserve Turtles. The Global Population Dynamics Database Version 2",1975,1992,3,"Barry Brook","","Small lake ecosystems","Temperate","Freshwater",17
165,307,42.40885,-85.38318,"Terrestrial plants","Kellogg LTER seed bank",1993,2002,83,"Sven Bohm","Kay Gross","Temperate broadleaf and mixed forests","Temperate","Terrestrial",9
166,308,40.170741,-79.260178,"Mammals","Powdermill Nature Reserve monitored small mammal populations from 1979-1999.",1979,1999,14,"Joseph Merritt","Information Manager LTER Network Office","Temperate broadleaf and mixed forests","Temperate","Terrestrial",20
167,310,12.696601,-29.903677,"Marine invertebrates","Marine microplankton diversity database",1992,2002,576,"Sofia Sal","Sofia Sal Brequa","Multiple ecoregions","Temperate/Tropical","Marine",10
168,311,39.083333,-96.583333,"Mammals","Seasonal summary of numbers of small mammals on 14 LTER traplines in prairie habitats at Konza Prairie",1981,2013,15,"Donald W. Kaufman","","Temperate grasslands, savannas and shrublands","Temperate","Terrestrial",32
169,312,3.5,35.75,"Mammals","Stability in a Multi-Species Assemblage of Large Herbivores in East Africa",1959,1984,13,"Herbert Henri Theodore Prins","","Tropical and subtropical grasslands, savannas and shrublands","Tropical","Terrestrial",25
170,313,45.4,-93.2,"Terrestrial invertebrates","Successional Dynamics on a Resampled Chronosequence Core Old Field Grasshopper Sampling",1989,2006,61,"Knops Johannes","Tilman David","Temperate broadleaf and mixed forests","Temperate","Terrestrial",17
171,314,45.4,-93.2,"Mammals","Successional Dynamics on a Resampled Chronosequence Small mammal abundance",1983,1985,6,"Knops Johannes","Tilman David","Temperate broadleaf and mixed forests","Temperate","Terrestrial",2
172,315,32.62,-106.74,"Terrestrial invertebrates","Jornada Grasshopper Data",1983,1985,40,"John Anderson","David Lightfoor","Deserts and xeric shrublands","Temperate","Terrestrial",2
173,316,32.62,-106.74,"Reptiles","Lizard pitfall trap data (LTER-II LTER-III)",1989,2006,21,"John Anderson","David Lightfoot","Deserts and xeric shrublands","Temperate","Terrestrial",17
174,317,25.336,-80.855667,"Terrestrial plants","Mangrove Forest Growth from the Shark River Slough Everglades National Park (FCE) South Florida from January 1995 to Present",1995,2005,4,"Robert ATwilley","Victor Rivera-Monroy","Flooded grasslands and savannas","Temperate","Terrestrial",10
175,319,37.25,-96.71666,"All","Effects of rangeland management on community dynamics of herpetofauna to the tallgrass prairie",1989,2003,35,"Dustin J. Wilgers","","Temperate grasslands, savannas and shrublands","Temperate","Terrestrial",14
176,321,32.550335,-106.811564,"Mammals","Small Mammal Exclosure Study. Jornada LTER.  SMES rodent trapping data",1995,2007,19,"Robert Schooley","","Deserts and xeric shrublands","Temperate","Terrestrial",12
177,322,-22.825,-47.1058,"Terrestrial plants","Forest destructuring as revealed by the temporal dynamics of fundamental species - Case study of Santa Genebra Forest in Brazil",1983,2004,132,"Fabiano Turini Farah","Ricardo Rodrigues","Tropical and subtropical moist broadleaf forests","Tropical","Terrestrial",21
178,323,18.3176,-65.7824,"Reptiles","The Response of Anolis Lizards to Hurricane-Induced Habitat Changes in a Puerto Rican Rain Forest.",1989,1992,4,"Douglas Reagan","","Tropical and subtropical moist broadleaf forests","Tropical","Terrestrial",3
179,324,-15.822694,-48.994368,"Terrestrial plants","Temporal evaluation of natural regeneration in a semi-deciduous forest in Pirenopolis. Goias. Brazil",2003,2007,60,"Fabio Venturoli","","Tropical and subtropical grasslands, savannas and shrublands","Tropical","Terrestrial",4
180,325,-15.822694,-48.994368,"Terrestrial plants","Temporal evaluation of natural regeneration in a semi-deciduous forest in Pirenopolis. Goias. Brazil",2003,2007,91,"Fabio Venturoli","","Tropical and subtropical grasslands, savannas and shrublands","Tropical","Terrestrial",4
181,326,-15.822694,-48.994368,"Terrestrial plants","Temporal evaluation of natural regeneration in a semi-deciduous forest in Pirenopolis. Goias. Brazil",2003,2007,140,"Fabio Venturoli","","Tropical and subtropical grasslands, savannas and shrublands","Tropical","Terrestrial",4
182,327,-30.6,-71.7,"Mammals","Fray Jorge Small Mammals 1989-2005",1989,2005,12,"Douglas A. Kelt","","Mediterranean forests, woodlands and scrubs","Temperate","Terrestrial",16
183,328,32.26,-81.63,"Amphibians","The Rainbow Bay Long-term Study",1979,2008,10,"David Scott ","","Small river ecosystems","Temperate","Freshwater",29
184,329,12.5375,75.662778,"Terrestrial plants","Twenty years tree demography in an undisturbed Dipterocarp permanent sample plot at Uppangala Western Ghats of India",1990,2010,102,"N. Ayyappan","","Tropical and subtropical moist broadleaf forests","Tropical","Terrestrial",20
185,330,-23.830553,136.449216,"Marine invertebrates","Over 75 years of zooplankton data from Australia",1938,2014,639,"Claire Davies","","Multiple ecoregions","Temperate/Tropical","Marine",76
186,332,35.0589,-83.4319,"Fish","Stream Fish Assemblage stability in a southern Appalachian stream (Coweeta Hydro Lab 1984 - 1995)",1984,1995,14,"Gary D Grossman","","Small river ecosystems","Temperate","Freshwater",11
187,333,39.083333,-96.58333,"Birds","Weekly record of bird species observed on Konza Prairie",1981,2009,132,"JMB","J Briggs","Temperate grasslands, savannas and shrublands","Temperate","Terrestrial",28
188,334,68.629636,-149.575656,"Terrestrial plants","Above ground plant biomass in a mesic acidic tussock tundra experimental site from 1982 to 20000 Toolik lake Alaska",1982,2000,40,"Gaius Shaver","","Tundra","Polar","Terrestrial",18
189,335,39.5622,-87.40389,"Fish","Stochasticity in structural and functional characteristics of an Indiana stream fish assemblage  a test of community theory",1962,1974,62,"Gary D Grossman","","Small river ecosystems","Temperate","Freshwater",12
190,336,31.938889,-109.0797,"Terrestrial plants","Long term monitoring and experimental manipulation of a Chihuahuan Desert ecosystem near Portal Arizona",1989,2002,100,"Morgan Ernest","Tom Valone","Deserts and xeric shrublands","Temperate","Terrestrial",13
191,337,44.25,-72.1875,"Birds","Mountain Birdwatch ",2000,2010,87,"John D. Lloyd","Kent P. McFarland","Temperate broadleaf and mixed forests","Temperate","Terrestrial",10
192,338,38,-123,"Fish","Dynamics and Organization of a Rocky Intertidal Fish Assemblage",1979,1981,29,"Gary D Grossman","","Temperate shelf and seas ecoregions","Temperate","Marine",2
193,339,55.71667,13.33333,"Birds","Species trends turnover and composition of a woodland bird community in southern Sweden during a period of 57 years.",1953,2009,39,"Soren Svensson","","Temperate broadleaf and mixed forests","Temperate","Terrestrial",56
194,340,34.296,-106.9267,"Terrestrial plants","Small Mammal Exclosure Study (SMES) Vegetation Data from the Chihuahuan Desert",1995,2009,93,"David Lightfoot","","Deserts and xeric shrublands","Temperate","Terrestrial",14
195,341,-24.034938,-47.02509,"Amphibians","Brazil Dataset 1",2014,2016,73,"Fernando Rodrigues da Silva","","Tropical and subtropical moist broadleaf forests","Temperate/Tropical","Terrestrial",2
196,342,-22.7011,-50.5172,"Terrestrial plants","Brazil Dataset 2",1992,2010,69,"Giselda Durigan","","Tropical and subtropical grasslands, savannas and shrublands","Tropical","Terrestrial",18
197,343,-22.02335,-49.9178,"Terrestrial plants","Brazil Dataset 3",1992,2009,84,"Giselda Durigan","","Tropical and subtropical moist broadleaf forests","Tropical","Terrestrial",17
198,344,-22.5972,-50.3689,"Terrestrial plants","Brazil Dataset 4",1992,2004,65,"Giselda Durigan","","Tropical and subtropical grasslands, savannas and shrublands","Tropical","Terrestrial",12
199,345,-22.6089,-50.3953,"Terrestrial plants","Brazil Dataset 5",1993,2005,48,"Giselda Durigan","","Tropical and subtropical grasslands, savannas and shrublands","Tropical","Terrestrial",12
200,346,-22.593,-50.3786,"Terrestrial plants","Monitoring experiences at the Atlantic rainforest biome using permanent plots.",2002,2011,131,"Carolina Mathias Moreira","Ana Paula Savassi-Coutinho Giselda Durigan Vin?cius Castro Souza Nat?lia Macedo Ivanauskas and Ricardo Ribeiro Rodrigues.","Tropical and subtropical grasslands, savannas and shrublands","Tropical","Terrestrial",9
201,347,-20.288802,-40.323011,"Marine invertebrates","Zooplankton community of the Vitoria Bay estuarine system (southeastern Brazil). Characterization during a three-year study",1998,2000,64,"Jose Mauro Sterza","Luiz Loureiro Fernandes","Tropical seas","Tropical","Marine",2
202,348,-28.6089,-48.98125,"Mammals","Bats (Mammalia Chiroptera) in restinga in the municipality of Jaguaruna south of Santa Catarina Brazil. ",2006,2016,13,"Fernando Carvalho","Fernando Carvalho","Tropical and subtropical moist broadleaf forests","Temperate/Tropical","Terrestrial",10
203,349,34.91799,-123.025626,"Benthos","St. M polychaete species time-series",1991,2011,141,"Claire Laguionie-Marchais","Henry Ruhl","Temperate shelf and seas ecoregions","Temperate","Marine",20
204,350,49,-16.5,"Benthos","Megafauna PAP time series",1989,2011,50,"Claire Laguionie-Marchais","Henry Ruhl","Temperate shelf and seas ecoregions","Temperate","Marine",22
205,351,34.833333,-123,"Benthos","Megafauna Sta M time series",1989,2004,10,"Claire Laguionie-Marchais","Henry Ruhl","Temperate shelf and seas ecoregions","Temperate","Marine",15
206,352,-2,-75,"Terrestrial plants","Flooded forest plot sampling in Peru",1999,2002,98,"Randall W. Myster","","Tropical and subtropical moist broadleaf forests","Tropical","Terrestrial",3
207,353,1.1558,-77.9935,"Terrestrial plants","La Planada Forest Dynamics Plots",1997,2003,180,"Natalia Norden Medina","","Tropical and subtropical moist broadleaf forests","Tropical","Terrestrial",6
208,354,-39.978763,129.903106,"Marine plants","A database of marine phytoplankton abundance biomass and species composition in Australian waters",1928,2015,734,"Claire Davies","Anthony J Richardson","Multiple ecoregions","Temperate/Tropical","Marine",87
209,355,39.083333,-96.58333,"Terrestrial plants","Plant Species Composition on Selected Watersheds at Konza Prairie",1983,2015,324,"David C. Hartnett","Scott L. Collins","Temperate grasslands, savannas and shrublands","Temperate","Terrestrial",32
210,356,-17.03808,145.561207,"Terrestrial plants","Long-term stem inventory data from tropical rain forest plots in Australia",1971,2013,478,"Matt Bradford","Dan Metcalfe","Tropical and subtropical grasslands, savannas and shrublands","Tropical","Terrestrial",42
211,357,40.82889,-104.7582,"Mammals","Small Mammal Trapping Webs on the Central Plains Experimental Range",1994,2006,10,"Paul Stapp","","Temperate grasslands, savannas and shrublands","Temperate","Terrestrial",12
212,358,31.58333,-94.81666,"Birds","Neotropical Migratory Bird Communities in a Developing Pine Plantation",1977,1992,14,"H Williamson","","Temperate coniferous forest","Temperate","Terrestrial",15
213,359,34.308906,-119.874156,"Fish","SBC LTER Reef Kelp Forest Community Dynamics Fish abundance",2000,2012,61,"Santa Barbara Coastal LTER","Daniel C Reed","Temperate shelf and seas ecoregions","Temperate","Marine",12
214,360,52.716667,24.26666,"Birds","Bialowieza National Park bird assemblage",1975,2014,86,"Tomasz Wesolowski","","Temperate broadleaf and mixed forests","Temperate","Terrestrial",39
215,361,38.61,-79.83472,"Birds","A long-term bird population study in an Appalachian spruce forest",1962,1983,20,"JSTOR","","Temperate broadleaf and mixed forests","Temperate","Terrestrial",21
216,362,0.389236,36.891566,"Mammals","Plant and small-mammal responses to large-herbivore exclusion in an African savanna",2009,2012,18,"Tyler R. Kartzinel","","Tropical and subtropical grasslands, savannas and shrublands","Tropical","Terrestrial",3
217,363,65.968055,16.31666,"Birds","The 37-year dynamics of a subalpine bird community with special emphasis on the influence of environmental temperature and Epirrita autumnata cycles. ",1963,1999,35,"Anders Enemar","","Tundra","Temperate","Terrestrial",36
218,364,38.901,-77.069,"Freshwater plants","Long-term reductions in anthropogenic nutrients link to improvements in Chesapeake Bay habitat",1990,2007,14,"Nancy Rybicki","Henry Ruhl","Large river ecosystems","Temperate","Freshwater",17
219,365,-37.256487,176.325134,"Fish","Hahei marine dataset (1997-2002)",1997,2002,44,"Trevor Willis","","Temperate shelf and seas ecoregions","Temperate","Marine",5
220,366,34.35,-106.88,"Mammals","Small Mammal Exclosure Study (SMES)",1989,2013,24,"David Lightfoot","","Deserts and xeric shrublands","Temperate","Terrestrial",24
221,367,34.058009,134.978473,"Marine invertebrates","Monitoring site 1000 Coastal zone research - Tidal flat survey",2008,2013,412,"Nature Conservation Bureau Ministry of the Environment Centre for Biodiversity","NPO Japan Wetlands International","Temperate shelf and seas ecoregions","Temperate","Marine",5
222,368,35.3789,136.0966,"Freshwater invertebrates","Monitoring site 1000 Land waters research- Lakes benthic animal research",2010,2011,12,"Ecosystem monitoring department and maintenance department. Nature Conservation Bureau Ministry of the Environment Biodiversity Center","NPO Japan Wetlands International","Small lake ecosystems","Temperate","Freshwater",1
223,369,36.1471,136.768267,"Terrestrial invertebrates","Monitoring site 1000 Alpine research - Surface wandering beetles",2009,2014,29,"General Foundation Natural Environment Research Center monitoring site 1000 alpine zone personnel","Nature Conservation Bureau Ministry of the Environment Biodiversity Center Contact: ecosystem monitoring Department","Temperate broadleaf and mixed forests","Temperate","Terrestrial",5
224,370,36.700797,137.260754,"Marine plants","Monitoring site 1000 coastal zone research - Algae survey permanent quadrats",2008,2014,159,"Ecosystem monitoring department and maintenance department. Nature Conservation Bureau Ministry of the Environment Biodiversity Center","NPO Japan Wetlands International","Temperate shelf and seas ecoregions","Temperate","Marine",6
225,371,36.7054,137.264584,"Marine plants","Monitoring site 1000 coastal zone research - Algae survey transects",2008,2014,168,"Ecosystem monitoring department and maintenance department. Nature Conservation Bureau Ministry of the Environment Biodiversity Center","NPO Japan Wetlands International","Temperate shelf and seas ecoregions","Temperate","Marine",6
226,372,34.952002,134.975315,"Birds","Monitoring site 1000 Village survey - Bird survey data",2005,2013,219,"Shinichi Takagawa Nana Goto - Mayuko Fukuda","Ecosystem Monitoring Department","Temperate broadleaf and mixed forests","Temperate","Terrestrial",8
227,373,37.071487,137.151876,"Mammals","Village survey Medium and large mammal survey data",2005,2012,25,"Shinichi Takagawa Nana Goto - Mayuko Fukuda","Ecosystem Monitoring Department","Temperate broadleaf and mixed forests","Temperate","Terrestrial",7
228,374,35.961249,136.046062,"Birds","Monitoring site 1000 Shorebird Survey",2004,2014,70,"Ecosystem monitoring department and maintenance department. Nature Conservation Bureau Ministry of the Environment Biodiversity Center","","Temperate shelf and seas ecoregions","Temperate","Marine",10
229,375,36.244891,136.90659,"Terrestrial invertebrates","Surface of the earth wandering beetles survey data",2004,2014,424,"Niwa Ci","Sukigara Naozumi - Hatase Yoriko","Temperate coniferous forest","Temperate","Terrestrial",10
230,376,35.934682,135.739751,"Birds","Monitoring site 1000 forest and grassland research - Bird survey data -1st phase",2004,2008,240,"Foundation Wild Bird Society of Japan nature protection room charge : Hayama politics","Nature Conservation Bureau Ministry of the Environment Biodiversity Center Contact: ecosystem monitoring Departmen","Temperate broadleaf and mixed forests","Temperate","Terrestrial",4
231,377,33.557627,136.450872,"Birds","Monitoring site 1000 forest and grassland research - Bird survey data -2nd phase",2008,2013,251,"Foundation Wild Bird Society of Japan nature protection room charge : Hayama politics","Nature Conservation Bureau Ministry of the Environment Biodiversity Center Contact: ecosystem monitoring Departmen","Temperate broadleaf and mixed forests","Temperate","Terrestrial",5
232,378,43.469365,10.335963,"Marine invertebrates","Calafuria Mid-shore Intertidal Dataset (1991-2014)",1991,2006,42,"Lisandro Benedetti Cecchi","","Temperate shelf and seas ecoregions","Temperate","Marine",15
233,379,43.469365,10.335963,"Marine invertebrates","Calafuria Low-shore Intertidal Dataset (1991-2014)",1991,2014,61,"Lisandro Benedetti Cecchi","","Temperate shelf and seas ecoregions","Temperate","Marine",23
234,380,50.8463,0.0552,"Terrestrial invertebrates","Monitoring butterfly numbers",1978,1987,23,"Contact at GPDD","","Temperate broadleaf and mixed forests","Temperate","Terrestrial",9
235,381,-31.9333,115.7666,"All","Long-term sampling of a herpetofaunal assemblage on an isolated urban bushland",1986,1992,29,"R A How","","Mediterranean forests, woodlands and scrubs","Temperate","Terrestrial",6
236,382,47.833333,-91.833333,"Mammals","Small Mammals and Vegetation Changes After Fire in a Mixed Conifer-Hardwood Forest",1955,1967,7,"Contact at GPDD","","Temperate broadleaf and mixed forests","Temperate","Terrestrial",12
237,383,48.977608,13.810909,"Terrestrial plants","Boubin",1972,2010,9,"Tomas Vrska","Kamil Kral","Temperate broadleaf and mixed forests","Temperate","Terrestrial",38
238,384,48.655242,16.94116,"Terrestrial plants","Cahnov-Soutok",1973,2006,14,"Tomas Vrska","Kamil Kral","Temperate broadleaf and mixed forests","Temperate","Terrestrial",33
239,385,48.984705,13.838607,"Terrestrial plants","Milesice",1972,2011,5,"Tomas Vrska","Kamil Kral","Temperate broadleaf and mixed forests","Temperate","Terrestrial",39
240,386,49.53636,18.660275,"Terrestrial plants","Mionsi-V",1994,2009,6,"Tomas Vrska","Kamil Kral","Temperate coniferous forest","Temperate","Terrestrial",15
241,387,49.537746,18.661169,"Terrestrial plants","Mionsi-R",1958,2009,4,"Tomas Vrska","Kamil Kral","Temperate coniferous forest","Temperate","Terrestrial",51
242,388,49.53611,18.654525,"Terrestrial plants","Mionsi-C",1957,2014,5,"Tomas Vrska","Kamil Kral","Temperate coniferous forest","Temperate","Terrestrial",57
243,389,48.678817,16.948159,"Terrestrial plants","Ranspurk",1973,2006,20,"Tomas Vrska","Kamil Kral","Temperate broadleaf and mixed forests","Temperate","Terrestrial",33
244,390,49.359792,18.381938,"Terrestrial plants","Razula",1972,2009,8,"Tomas Vrska","Kamil Kral","Temperate coniferous forest","Temperate","Terrestrial",37
245,391,49.401878,18.419515,"Terrestrial plants","Salajka",1974,2007,6,"Tomas Vrska","Kamil Kral","Temperate coniferous forest","Temperate","Terrestrial",33
246,392,48.879723,13.835815,"Terrestrial plants","Stozec",1974,2013,10,"Tomas Vrska","Kamil Kral","Temperate broadleaf and mixed forests","Temperate","Terrestrial",39
247,393,49.989616,13.803386,"Terrestrial plants","Velka Ples",1976,2013,15,"Tomas Vrska","Kamil Kral","Temperate broadleaf and mixed forests","Temperate","Terrestrial",37
248,394,49.65469,15.990502,"Terrestrial plants","Zakova hora",1974,2011,10,"Tomas Vrska","Kamil Kral","Temperate broadleaf and mixed forests","Temperate","Terrestrial",37
249,395,48.666586,14.706818,"Terrestrial plants","Zofin",1975,2008,9,"Tomas Vrska","Kamil Kral","Temperate broadleaf and mixed forests","Temperate","Terrestrial",33
250,396,49.955324,14.153373,"Terrestrial plants","Doutnac",2006,2016,22,"Tomas Vrska","Kamil Kral","Temperate broadleaf and mixed forests","Temperate","Terrestrial",10
251,397,50.861831,15.153149,"Terrestrial plants","Polednik",2002,2010,6,"Tomas Vrska","Kamil Kral","Temperate broadleaf and mixed forests","Temperate","Terrestrial",8
252,398,49.789846,15.752199,"Terrestrial plants","Polom",1973,1995,16,"Tomas Vrska","Kamil Kral","Temperate broadleaf and mixed forests","Temperate","Terrestrial",22
253,399,49.313245,15.522922,"Terrestrial plants","V Kluci",1973,2000,8,"Tomas Vrska","Kamil Kral","Temperate broadleaf and mixed forests","Temperate","Terrestrial",27
254,400,50.236585,14.562981,"Terrestrial plants","Jirina",1978,1999,9,"Tomas Vrska","Kamil Kral","Temperate broadleaf and mixed forests","Temperate","Terrestrial",21
255,401,49.922466,13.77211,"Terrestrial plants","Kohoutov",1978,1998,11,"Tomas Vrska","Kamil Kral","Temperate broadleaf and mixed forests","Temperate","Terrestrial",20
256,402,-22.047737,-53.824809,"Fish","Brazil Dataset 6",2010,2015,74,"Yzel Rondon Suarez","","Large river headwater ecosystems","Tropical","Freshwater",5
257,403,-21.1833,-49.7,"Amphibians","Community ecology of anura amphibia at Northwest region of Sao Paulo state",1989,1995,16,"Denise de Cerqueira Rossa-Feres","","Small lake ecosystems","Tropical","Freshwater",6
258,404,-22.2353,-47.8847,"Terrestrial plants","Brazil Dataset 7",2014,2016,54,"Gabriella Damasceno","Alessandra Fidelis","Tropical and subtropical grasslands, savannas and shrublands","Tropical","Terrestrial",2
259,405,-10.205349,-46.557498,"Terrestrial plants","Brazil Dataset 8",2009,2011,36,"Alessandra Fidelis","","Tropical and subtropical grasslands, savannas and shrublands","Tropical","Terrestrial",2
260,406,-30.05,-51.1167,"Terrestrial plants","Short-term changes caused by fire and mowing in Brazilian?Campos?grasslands with different long-term fire histories",2005,2007,117,"Alessandra Fidelis","","Tropical and subtropical grasslands, savannas and shrublands","Temperate","Terrestrial",2
261,407,-31.320566,-71.422368,"Fish","Conicyt-Fondecyt Fish Data",2012,2013,15,"Alejandro Perez Matus","Catalina Sallen ","Temperate shelf and seas ecoregions","Temperate","Marine",1
262,408,-31.415949,-71.558923,"Marine invertebrates","Conicyt-Fondecyt Turf Algae Data",2012,2013,18,"Alejandro Perez Matus","Catalina Sallen ","Temperate shelf and seas ecoregions","Temperate","Marine",1
263,409,-31.415949,-71.558923,"Fish","Conicyt-Fondecyt Fish Data",2012,2013,20,"Alejandro Perez Matus","Catalina Sallen ","Temperate shelf and seas ecoregions","Temperate","Marine",1
264,412,25.041666,121.941667,"Fish","Icthyoplankton data collected from Yenliao Bay in 6 stations northeast of Taiwan (1995-2000)",1995,2000,214,"Chih-hao Hsieh (Zac)","","Tropical seas","Temperate","Marine",5
265,413,39.98333,-88.65,"Birds","Bird populations in east central Illinois. Fluctuations variations and development over a half-century",1927,1976,60,"Author now deceased","","Temperate grasslands, savannas and shrublands","Temperate","Terrestrial",49
266,414,39.98333,-88.65,"Birds","Bird populations in east central Illinois. Fluctuations variations and development over a half-century",1924,1976,48,"Author now deceased","","Temperate grasslands, savannas and shrublands","Temperate","Terrestrial",52
267,415,40.13333,-88.3,"Birds","Bird populations in east central Illinois. Fluctuations variations and development over a half-century",1949,1967,45,"Author now deceased","","Temperate grasslands, savannas and shrublands","Temperate","Terrestrial",18
268,416,40.13333,-88.3,"Birds","Bird populations in east central Illinois. Fluctuations variations and development over a half-century",1946,1971,53,"Author now deceased","","Temperate grasslands, savannas and shrublands","Temperate","Terrestrial",25
269,418,-19.41355,149.044723,"Fish","Long-term Monitoring of the Great Barrier reef",1992,2015,249,"A J Cheal","Hugh Sweatman","Tropical coral","Tropical","Marine",23
270,419,-64.77,-64.05,"Birds","Data collected aboard cruises off the coast of the Western Antarctic Penninsula",1993,2011,54,"William R Fraser","","Polar ecoregions","Temperate","Marine",18
271,420,67.077,17.435,"Birds","Species composition and population fluctuations of alpine bird communities during 38 years in the Scandinavian mountain range",1964,2001,47,"Soren Svensson","","Tundra","Polar/Temperate","Terrestrial",37
272,421,40.023146,-105.222787,"Terrestrial invertebrates","Boulder County Open Space butterfly diversity and abundance",1999,2000,58,"Jeffrey C. Oliver","Kathleen L. Prudic","Temperate grasslands, savannas and shrublands","Temperate","Terrestrial",1
273,422,38.499063,139.313358,"Terrestrial invertebrates","Monitoring site 1000 Alpine research - Butterfly Survey",2009,2014,43,"General Foundation Natural Environment Research Center monitoring site 1000 alpine zone personnel","Nature Conservation Bureau Ministry of the Environment Biodiversity Center Contact: ecosystem monitoring Department","Temperate coniferous forest","Temperate","Terrestrial",5
274,423,38.507828,139.329424,"Terrestrial invertebrates","Monitoring site 1000 Alpine research - Butterfly Survey",2009,2014,46,"General Foundation Natural Environment Research Center monitoring site 1000 alpine zone personnel","Nature Conservation Bureau Ministry of the Environment Biodiversity Center Contact: ecosystem monitoring Department","Temperate coniferous forest","Temperate","Terrestrial",5
275,424,40.990168,141.042378,"Terrestrial invertebrates","Monitoring site 1000 Alpine research - Bumblebee Survey",2010,2014,7,"Nature Conservation Bureau Ministry of the Environment Centre for Biodiversity Contact: ecosystem monitoring Department","","Temperate coniferous forest","Temperate","Terrestrial",4
276,425,29.188063,-83.279223,"Benthos","Faunal communities and habitat characteristics of the Big Bend seagrass meadows 20092010",2009,2010,319,"Christopher D Stallings","","Temperate shelf and seas ecoregions","Temperate","Marine",1
277,426,47.33,8.56,"Freshwater invertebrates","Phytoplankton time series from Lake Zurich",1976,2010,64,"Francesco Pomati","","Small lake ecosystems","Temperate","Freshwater",34
278,427,47.33,8.56,"Freshwater invertebrates","Zooplankton time series from Lake Zurich",1977,2008,65,"Francesco Pomati","","Small lake ecosystems","Temperate","Freshwater",31
279,428,58.95856,9.768152,"Fish","Long term monitoring of fish abundances from coastal SKagerrak",1919,2015,59,"Halvor Knutsen","Ebsen Moland","Temperate shelf and seas ecoregions","Temperate","Marine",96
280,429,-18.835909,146.653577,"Marine invertebrates","Scleractinian corals from Orpheus and Magnetic Islands 2013 to 2016",2013,2016,180,"Chao-Yang Kuo ","Andrew Baird","Tropical coral","Tropical","Marine",3
281,430,-40.942837,172.499296,"Fish","The New Zealand Freshwater Fish Database - Electric fishing - Backpack",1985,2016,57,"Freshwater Fish Database administrator","NIWA","Small river ecosystems","Temperate","Freshwater",31
282,431,-40.633637,172.449936,"Fish","The New Zealand Freshwater Fish Database - Traps- Gee Minnow traps",1984,2016,44,"Freshwater Fish Database administrator","NIWA","Small river ecosystems","Temperate","Freshwater",32
283,432,-40.492606,172.715575,"Fish","The New Zealand Freshwater Fish Database - Observation (Spotlighting visual)",1998,2016,36,"Freshwater Fish Database administrator","NIWA","Small river ecosystems","Temperate","Freshwater",18
284,433,68.631732,-149.384327,"Freshwater invertebrates","Zooplankton density for lake samples collected near Toolik Lake Arctic LTER in the summers (1983-1992 & 1993-2002)",1983,2002,18,"Phaedra Budy","","Small lake ecosystems","Polar","Freshwater",19
285,434,-77.665463,162.710435,"Freshwater invertebrates","Summer Phytoplankton Densities 1992-2001",1992,2001,50,"Diane McKnight","John Priscu","Small lake ecosystems","Polar","Freshwater",9
286,435,-67.094618,-70.979349,"Marine invertebrates","Zooplankton collected with a 2-m 700-um net towed from surface to 120 m aboard Palmer Station Antarctica LTER annual cruises off the western antarctic peninsula 2009 - present",2009,2016,40,"Debbie Steinberg","","Polar ecoregions","Polar/Temperate","Marine",7
287,436,-5.819316,110.362535,"Fish","Karimunjawa WCS fish survey",2005,2012,394,"Andrew Hoey","","Tropical coral","Tropical","Marine",7
288,437,5.753012,95.279879,"Fish","Aceh WCS fish survey 2010 to 2016",2010,2016,188,"Andrew Hoey","","Tropical coral","Tropical","Marine",6
289,438,5.764892,95.219244,"Fish","Aceh WCS fish surveys",2006,2014,598,"Andrew Hoey","","Tropical coral","Tropical","Marine",8
290,439,54.504083,60.293995,"Birds","Long-term dynamics of bird populations in pine forests of Ilmen Nature Reserve during the breeding period individuals / km2",1985,1997,52,"Roberto Cazzolla Gatti","","Temperate grasslands, savannas and shrublands","Temperate","Terrestrial",12
291,440,54.504083,60.293995,"Birds","Long-term dynamics of bird populations in pine-birch forests of Ilmen Nature Reserve during the breeding period individuals / km2",1985,1997,68,"Roberto Cazzolla Gatti","","Temperate grasslands, savannas and shrublands","Temperate","Terrestrial",12
292,441,54.504083,60.293995,"Birds","Long-term dynamics of bird populations in birch forests of Ilmen Nature Reserve during the breeding period individuals / km2",1985,1997,61,"Roberto Cazzolla Gatti","","Temperate grasslands, savannas and shrublands","Temperate","Terrestrial",12
293,442,48.66874,85.65439,"Birds","Composition and abundance of bird species in the village Matabay in June 1980-1985 (absolute indicators (area 025 km2))",1980,1985,33,"Roberto Cazzolla Gatti","","Montane grasslands and shrublands","Temperate","Terrestrial",5
294,443,48.83331,85.77318,"Birds","Composition and abundance of bird species in the village Verhnjaja Elovka in June 1980-1985 (absolute indicators (area 025 km2))",1980,1983,35,"Roberto Cazzolla Gatti","","Montane grasslands and shrublands","Temperate","Terrestrial",3
295,444,52.297299,104.275532,"Birds","The dynamics of species composition and abundance of migratory birds of prey in the Irkut River mouth (absolute figures)",1983,1987,20,"Roberto Cazzolla Gatti","","Boreal forests/Taiga","Temperate","Terrestrial",4
296,445,66.380246,71.778749,"Birds","A number of waterfowl after periods of breeding and molting in the lower reaches of Ob River (thous. individuals / 22 thous. km2)",1976,1978,11,"Roberto Cazzolla Gatti","","Large river ecosystems","Temperate","Terrestrial",2
297,446,54.407222,45.78,"Mammals","The density of population (ind/1000ha.) of hunting species of mammals in the Republic of Mordovia (Chamzinsky district)",2007,2011,9,"Roberto Cazzolla Gatti","","Temperate broadleaf and mixed forests","Temperate","Terrestrial",4
298,447,52.601389,38.928288,"Mammals","Long-term population dynamics of small mammals in the Natural Boundary Morozova Gora (individuals / 100 trap-nights)",2006,2014,10,"Roberto Cazzolla Gatti","","Temperate broadleaf and mixed forests","Temperate","Terrestrial",8
299,448,56.1,111.6,"Mammals","Number of small mammals in Verkhnyaya Angara basin (accounting period since 20.07 to 20.08 individuals /100 trap-nights",1979,1982,16,"Roberto Cazzolla Gatti","","Boreal forests/Taiga","Temperate","Terrestrial",3
300,449,49.05,107.18,"Mammals","Indicators of abundance (individuals / 100 trap-nights) of different species of small mammals in different years with using trap grooves and a coefficient characterizing the adverse conditions winter",2000,2009,9,"Roberto Cazzolla Gatti","","Boreal forests/Taiga","Temperate","Terrestrial",9
301,450,60.233333,168.35,"Fish","Composition (%) and biomass (thous. tons) of fish species  in Olyutorsky-Navarin area in 2005-2012",2005,2012,26,"Roberto Cazzolla Gatti","","Temperate shelf and seas ecoregions","Temperate","Marine",7
302,451,64,-178,"Fish","Composition (%) and biomass (thous. tons) of fish species  in  Gulf of Anadyr in 2005-2012",2005,2012,20,"Roberto Cazzolla Gatti","","Temperate shelf and seas ecoregions","Temperate","Marine",7
303,452,47,160,"Fish","Year-to-year dynamics of total nekton biomass (thous. tons) in the upper epipelagic of the North-West Pacific in June-July of 2000s",2004,2012,13,"Roberto Cazzolla Gatti","","Temperate shelf and seas ecoregions","Temperate","Marine",8
304,453,67.33,62.53,"Freshwater invertebrates","Population dynamics of some species founded in all periods of study in the lake Bolshoi Kharbei in late July - early August (thous.individuals/m3)",1969,2010,15,"Roberto Cazzolla Gatti","","Small lake ecosystems","Polar/Temperate","Freshwater",41
305,454,56.992348,-3.124364,"Freshwater invertebrates","Damselfly abundance data from freshwater ponds around Cairngorms region",2014,2016,6,"Lesley Lancaster","Robert Nicholas Fitt","Small lake ecosystems","Temperate","Freshwater",2
306,455,21.952506,120.769645,"Marine invertebrates","Dynamics of a coral reef community",2003,2005,58,"Chao-yang Kuo","Tung-Yung Fan","Tropical seas","Tropical","Marine",2
307,456,21.995017,120.7036,"Marine invertebrates","Dynamics of a coral reef community",2003,2010,133,"Chao-yang Kuo","Chaolun Allen Chen","Tropical seas","Tropical","Marine",7
308,457,21.944853,120.768636,"Marine invertebrates","Dynamics of a coral reef community",2003,2014,226,"Chao-yang Kuo","Chaolun Allen Chen","Tropical coral","Tropical","Marine",11
309,458,49.580698,13.309649,"Terrestrial invertebrates","Beetles from the Bavarian Forest",2008,2011,179,"Simon Thorn","Jorg Muller","Temperate broadleaf and mixed forests","Temperate","Terrestrial",3
310,459,49.573557,13.309696,"Birds","Birds from the Bavarian Forest",2010,2014,52,"Simon Thorn","Jorg Muller","Temperate broadleaf and mixed forests","Temperate","Terrestrial",4
311,460,49.581159,13.309793,"Terrestrial plants","Fungi from the Bavarian Forest",2007,2011,110,"Simon Thorn","Jorg Muller","Temperate broadleaf and mixed forests","Temperate","Terrestrial",4
312,461,49.581159,13.309793,"Terrestrial plants","Lichens (obj) from the Bavarian Forest",2007,2011,26,"Simon Thorn","Jorg Muller","Temperate broadleaf and mixed forests","Temperate","Terrestrial",4
313,463,49.581159,13.309793,"Terrestrial plants","Mosses (obj) from the Bavarian Forest",2007,2011,34,"Simon Thorn","Jorg Muller","Temperate broadleaf and mixed forests","Temperate","Terrestrial",4
314,462,49.581837,13.30981,"Terrestrial plants","Lichens (soil) from the Bavarian Forest",2007,2011,7,"Simon Thorn","Jorg Muller","Temperate broadleaf and mixed forests","Temperate","Terrestrial",4
315,465,49.580698,13.309649,"Terrestrial plants","Plants from the Bavarian Forest",2007,2012,52,"Simon Thorn","Jorg Muller","Temperate broadleaf and mixed forests","Temperate","Terrestrial",5
316,464,49.5819,13.309498,"Terrestrial plants","Mosses (soil) from the Bavarian Forest",2007,2011,41,"Simon Thorn","Jorg Muller","Temperate broadleaf and mixed forests","Temperate","Terrestrial",4
317,466,56.990544,-9.07255,"Fish","Trawl Survey Data from Rockall Scotland (1986 - 2008)",1986,2008,94,"Francis Neat",,"Temperate shelf and seas ecoregions","Temperate","Marine",22
318,467,40.675834,-8.684562,"Fish","Spatial and temporal organisation of a coastal lagoon fish community",1987,1999,72,"Jose Eduardo Rebelo",,"Temperate shelf and seas ecoregions","Temperate","Marine",12
319,469,33.850818,-119.632225,"Benthos","A multi-decade time series of kelp forest community structure at the California Channel Islands.",1982,2011,38,"David Kushner","Andrew Rassweiler","Temperate shelf and seas ecoregions","Temperate","Marine",29
320,468,33.245427,-119.508753,"Benthos","A multi-decade time series of kelp forest community structure at San Nicolas Island California.",1980,2011,151,"Michael Kenner
","Tim Tinker","Temperate shelf and seas ecoregions","Temperate","Marine",31
321,471,34.35,-106.88,"Terrestrial plants","Prescribed Burn Effect on Chihuahuan Desert Grasses and Shrubs at the Sevilleta National Wildlife Refuge",2004,2013,162,"Esteban Muldavin","Scott Collins","Deserts and xeric shrublands","Temperate","Terrestrial",9
322,473,46.316667,-105.8,"Terrestrial plants","Fourteen years of mapped permanent quadrats in a northern mixed prairie",1932,1945,95,"Peter Adler",,"Temperate grasslands, savannas and shrublands","Temperate","Terrestrial",13
323,475,63.41667,10.5,"Birds","Structure and dynamics of a passerine bird community in a spruce-dominated boreal forest",1960,1972,34,"Olav Hogstad",,"Boreal forests/Taiga","Temperate","Terrestrial",12
324,476,18.3,-65.8,"Terrestrial invertebrates","Bromeliad invertebrate counts at different elevations in the Luquillo Experimental Forest",1993,1997,304,"Barbara A. Richardson",,"Tropical and subtropical moist broadleaf forests","Tropical","Terrestrial",4
325,477,37.222,-76.392,"Marine invertebrates","Epifaunal invertebrate survey from Goodwin Islands York River Estuary Chesapeake Bay",1998,2012,41,"Jon S. Lefcheck","J. Emmett Duffy","Temperate shelf and seas ecoregions","Temperate","Marine",14
326,478,50.669722,9.628889,"Freshwater invertebrates","Long term study of the stream ecosystems in the Breitenbach",1969,2005,90,"Diana Bowler",,"Small river ecosystems","Temperate","Freshwater",36
327,499,51.484534,2.895343,"Marine invertebrates","Macrobenthos monitoring at long-term monitoring stations in the Belgian part of the North Sea between 1979 and 1999",1979,1999,212,"Gert Van Hoey","","Temperate shelf and seas ecoregions","Temperate","Marine",20
328,500,51.494523,2.812248,"Marine invertebrates","Macrobenthos monitoring at long-term monitoring stations in the Belgian part of the North Sea from 2001 on",2001,2012,442,"Gert Van Hoey","","Temperate shelf and seas ecoregions","Temperate","Marine",11
329,501,51.529738,2.729548,"Marine invertebrates","Epibenthos and demersal fish monitoring at long-term monitoring stations in the Belgian part of the North Sea",2004,2012,165,"Gert Van Hoey","","Temperate shelf and seas ecoregions","Temperate","Marine",8
330,479,68.120719,-3.822305,"Terrestrial plants","ITEX Dataset 1 - Abisko (Wet, Dry, Peatland), Kanger (Bashful, Dopey, Sneezy) and Kilpisjarvi",1999,2008,75,"Anders Michelson","Eric Post","Tundra","Polar","Terrestrial",9
331,480,61.56,-135.13,"Terrestrial plants","ITEX Dataset 2 - Wolfcreek",1998,2008,33,"Jill Johnstone","","Boreal forests/Taiga","Temperate","Terrestrial",10
332,481,73.154112,-79.944419,"Terrestrial plants","ITEX Dataset 3 - Bylot (Mesprairie and Mespolygon)",2001,2008,23,"Esther Levesque","","Tundra","Polar","Terrestrial",7
333,482,69.57567,-138.865605,"Terrestrial plants","ITEX Dataset 4 - Qhi (He and Ko)",1999,2009,48,"Isla Myers-Smith","","Tundra","Polar","Terrestrial",10
334,483,43.27,41.41,"Terrestrial plants","ITEX Dataset 5 - Teberda (Malaya Alpine-Snowbed and Geranium Hedysarum Meadow)",1986,2009,54,"Vladimir G. Onipchenko","Asem A. Akhmetzhanova","Temperate broadleaf and mixed forests","Temperate","Terrestrial",23
335,484,70.879356,-157.005139,"Terrestrial plants","ITEX Dataset 6 - Atqasuk (AW, AD) and Barrow (BW, BD)",1995,2008,88,"Robert D. Hollister","","Tundra","Polar","Terrestrial",13
336,485,64.853559,-19.675504,"Terrestrial plants","ITEX Dataset 7 - Akureyri (GA66, MD72, SB63, SY59), Blonduos (SD33, SD34), Dalsmynni (AG4, KD24, KD25), Hjardarland (LH92, SH90), Holtavorduheidi (AH37, AH38, VH49), Modruvellir (LH69, MV51, MV52), Oxnadalsheidi (SA16, SA17, SA19) and Thykkvibaer (HH100, RT81, VE82)",1997,2005,128,"Borgr Magnsson","","Boreal forests/Taiga","Temperate","Terrestrial",8
337,486,46.4758,9.5842,"Terrestrial plants","ITEX Dataset 8 - Valbercla (Alpine)",1994,2009,47,"Christian Rixen","","Temperate coniferous forest","Temperate","Terrestrial",15
338,487,78.95357,-77.1412,"Terrestrial plants","ITEX Dataset 9 - Alexfiord (Levdolomite, Levgranite) and Sverdrup",1992,2009,19,"Esther Levesque","","Tundra","Polar","Terrestrial",17
339,488,37.95,-106.98,"Terrestrial plants","ITEX Dataset 10 - RMBL",1991,2005,3,"John Harte","","Temperate coniferous forest","Temperate","Terrestrial",14
340,489,60.37,7.32,"Terrestrial plants","ITEX Dataset 11 - Finse (Ridge)",2000,2008,55,"Kari Klanderud","","Tundra","Temperate","Terrestrial",8
341,490,60.37,7.32,"Terrestrial plants","ITEX Dataset 12 - Finse (Slope)",2000,2003,57,"Kari Klanderud","","Tundra","Temperate","Terrestrial",3
342,491,68.62,-149.61,"Terrestrial plants","ITEX Dataset 13 - Toolik (Dry, Moist)",1994,2008,86,"Willam A. Gould","","Tundra","Polar","Terrestrial",14
343,492,68.6295,-149.578,"Terrestrial plants","ITEX Dataset 14 - Toolik (LTER Heath, LTER Moist acidic tussock, LTER non-acidic tussock, LTER wet sedge, SAG wet sedge2, Tussock 1981 plots)",1982,2006,30,"Gauis R. Shaver","","Tundra","Polar","Terrestrial",24
344,493,78.189992,15.934124,"Terrestrial plants","ITEX Dataset 15 - Sadvent (MES-cover, MES-photo, wet-cover, wet-photo)",2003,2008,50,"Elisabeth J. Cooper","","Tundra","Polar","Terrestrial",5
345,494,60.492485,7.419896,"Terrestrial plants","ITEX Dataset 16 - Finse (Nfinse, Ridge cover)",1997,2008,67,"Kari Klanderud","","Tundra","Temperate","Terrestrial",11
346,495,62.183333,1.334931,"Terrestrial plants","ITEX Dataset 17 - Dovre (Kuntshoe) and Faroe (Sornfelli)",1999,2008,77,"Anna Maria Fosaa","Annika Hofgaard","Tundra","Temperate","Terrestrial",9
347,496,46.431624,8.672891,"Terrestrial plants","ITEX Dataset 18 - Alpine plots (Sonja Wipf)",2000,2008,222,"Sonja Wipf","","Temperate coniferous forest","Temperate","Terrestrial",8
348,497,43.27,41.42,"Terrestrial plants","ITEX Dataset 19 - Teberda (Festuca Varia Grassland, Malaya Alpine Lichen-Heath)",1981,2009,59,"Vladimir G. Onipchenko","Asem A. Akhmetzhanova","Temperate broadleaf and mixed forests","Temperate","Terrestrial",28
349,498,58.63917,-63.375,"Terrestrial plants","ITEX Dataset 20 - Torngats (Nakvakdry, Nakvakwet)",2007,2010,51,"Luise Hermanutz","Laura Siegwart Collier","Tundra","Temperate","Terrestrial",3
350,502,46.92,-88.026,"Terrestrial plants","Long-term tree demography in old-growth forests of Huron Mts, MI from permanent-plot censuses, 1962-2009",1962,2009,12,"Kerry D. Woods","","Temperate broadleaf and mixed forests","Temperate","Terrestrial",47
351,503,-14.699839,145.448674,"Marine invertebrates","Coral data from Lizard Island",2015,2016,114,"Joshua S. Madin","Mia Hoogenboom","Tropical coral","Tropical","Marine",1
352,504,29.533333,34.966666,"Fish","Red Sea artificial reefs",2003,2007,67,"Jonathan Belmaker","","Temperate shelf and seas ecoregions","Temperate","Marine",4
353,505,32.13292,34.668008,"All","Fish and marine invertebrates from the Israeli Eastern Mediterranean sea  1990-4, 2000, 2008-2012",1990,2012,275,"Jonathan Belmaker","","Temperate shelf and seas ecoregions","Temperate","Marine",22
354,507,31.911611,34.39209,"Fish","Trawl fisheries in Israeli Mediterranean",1976,2010,41,"Itai van Rijn","Jonathan Belmaker","Temperate shelf and seas ecoregions","Temperate","Marine",34
355,508,78.1,16.04,"Terrestrial plants","ITEX Dataset 21 - Sadvent (MES-Pointframe, Wet-Pointframe)",2003,2005,52,"Elisabeth J. Cooper","","Tundra","Polar","Terrestrial",2
356,509,68.62,-149.445,"Terrestrial plants","ITEX Dataset 22 - Toolik (Imnavait, Tussockgrid)",1989,2008,218,"Willam A. Gould","","Tundra","Polar","Terrestrial",19
357,511,-22.821245,-43.149249,"Fish","Demersal fish hauls from Guanabara Bay Brazil 2005-2015",2005,2015,105,"Gabriel Barros Gonalves de Souza","Marcelo Vianna","Tropical seas","Tropical","Marine",10
358,510,37.461,128.53,"Terrestrial invertebrates","Butterfly fauna in Mount Gariwang-san Korea",1987,2015,105,"Cheolmin Lee","","Temperate broadleaf and mixed forests","Temperate","Terrestrial",28
359,512,51.31445,11.75782,"Terrestrial plants","The Hundt 2001 data - Rudolf Hundt",1964,1994,231,"Helge Bruelheide","Ute Jandt","Temperate broadleaf and mixed forests","Temperate","Terrestrial",30
360,515,9.178193,-79.872578,"Mammals","Assemblage-level responses of phyllostomid bats to tropical forest fragmentation",2003,2005,43,"Christoph Meyer",,"Tropical and Subtropical Moist Broadleaf Forests","Tropical","Terrestrial",2
361,516,-2.386381,-59.918769,"Mammals","A large-scale fragmentation experiment for Neotropical bats",1997,2013,45,"Ricardo Rocha","Adria Lopez-Baucells","Tropical and Subtropical Moist Broadleaf Forests","Tropical","Terrestrial",16
,20001,-20.74986,-51.65748,"All","Amphibians and reptiles of Trs Lagoas, Mato Grosso do Sul, Brazil",2006,2010,27,"Lus Felipe Toledo",,"Tropical and subtropical grasslands, savannas and shrublands","Tropical","Terrestrial",5
,20002,-19.27457,-43.56238,"Amphibians","Dynamic and diverse amphibian assemblages: Can we differentiate natural processes from human induced changes?",1998,2016,34,"Nathlia G. S. Lima","Paula C. Eterovick","Tropical and subtropical grasslands, savannas and shrublands","Tropical","Freshwater",19
,20003,-29.757,-53.85933,"Amphibians","Anurans Pitfall Traps Southern Brazil",1996,1998,16,"Tiago Gomes dos Santos","Sonia Zanini Cechin","Tropical and subtropical grasslands, savannas and shrublands","Temperate/Tropical","Terrestrial",3
,20004,77.97979,29.81509,"Benthos","ChAOS_Macrofauna_Abundance_Biomass",2017,2018,156,"Martin Solan",,"Temperate Shelf and seas ecoregions","Temperate","Marine",2
,20005,53.40316,-0.82965,"Terrestrial Invertebrates","Slug Numbers  Beckingham 1999  2002 (series 1)",1999,2001,16,"Chris du Feu",,"Temperate broadleaf and mixed forests","Temperate","Terrestrial",3
,20006,53.40316,-0.82965,"Terrestrial Invertebrates","Slug Numbers  Beckingham 1999  2002 (series 2)",2001,2002,12,"Chris du Feu",,"Temperate broadleaf and mixed forests","Temperate","Terrestrial",2
,20007,46.73247,10.6828,"Invertebrates","Abundances of stream benthic macroinvertebrates during a 6-year monitoring period of a glacier-fed stream in South Tyrol, Italy",2010,2015,42,"Alberto Scotti",,"Small river ecosystems","Temperate","Freshwater",6
,20008,60.222,19.94423,"Benthos","Data from: Maintained functional diversity in benthic communities in spite of diverging functional identities",1973,2013,22,"Benjamin Weigel","Erik Bonsdorff","Temperate Shelf and seas ecoregions","Temperate","Marine",41
,20009,53.35,13.69,"Birds","Farmland bird monitoring in North-east Germany (from 1999-2002 & from 2013-2015)",1999,2015,143,"Michael Glemnitz",,"Temperate broadleaf and mixed forests","Temperate","Terrestrial",17
,200010,43.0876388549805,25.0738048553467,"Birds","Bulgaria Wintering Waterbirds, Aleksandar Stamboliyski Reservoir",1981,2017,26,"Vesela Evtimova","Boris Nikolov, Radoslav Stanchev","Small Lake Ecosystems","Temperate","Freshwater",37
,200011,42.91528809,28.01850286,"Birds","Bulgaria Wintering Waterbirds, Black Sea Coast",1976,2017,62,"Vesela Evtimova","Boris Nikolov, Radoslav Stanchev","Temperate Shelf and seas ecoregions","Temperate","Marine",42
,200012,42.41668667,27.63608,"Birds","Bulgaria Wintering Waterbirds, Lake Complexes",1976,2017,76,"Vesela Evtimova","Boris Nikolov, Radoslav Stanchev","Small Lake Ecosystems","Temperate","Brackish/ marine",42
,200013,44.10764,27.07529,"Birds","Bulgaria Wintering Waterbirds Srebarna Lake",1977,2017,33,"Vesela Evtimova","Boris Nikolov, Radoslav Stanchev","Lake ecosystem","Temperate","Freshwater",41
,200014,57.87222,24.99444,"Invertebrates","Latvia LTER Forest soil Collembola",1992,2002,64,"Tara Dirilgena","Tancredi Caruso","Temperate Coniferous Forest","Temperate","Terrestrial",11
,200015,-22.55705,-52.27197,"Amphibians","Anurans of a seasonally dry tropical forest: Morro do Diabo State Park, Sao Paulo state, Brazil (Adults)",2005,2007,23,"Tiago Gomes dos Santos",,"Multiple","Tropical","Freshwater",3
,200016,-22.53093,-52.26529,"Amphibians","Anurans of a seasonally dry tropical forest: Morro do Diabo State Park, Sao Paulo state, Brazil (Adults) II",2005,2007,24,"Tiago da Silveira Vasconcelos",,"Multiple","Tropical","Freshwater",3
,200017,-22.55705,-52.27197,"Amphibians","Anurans of a seasonally dry tropical forest: Morro do Diabo State Park, Sao Paulo state, Brazil (Tadpoles)",2005,2007,14,"Tiago Gomes dos Santos",,"Multiple","Tropical","Freshwater",3
,200018,-22.5368,-52.2632,"Amphibians","Anurans of a seasonally dry tropical forest: Morro do Diabo State Park, Sao Paulo state, Brazil (Tadpoles) II",2005,2007,20,"Tiago da Silveira Vasconcelos",,"Multiple","Tropical","Freshwater",3
,200019,-0.819049,-52.75265,"Terrestrial Invertebrates","Data from: Spatial and temporal shifts in functional and taxonomic diversity of dung beetles in a human-modified tropical forest landscape",2009,2013,75,"Wallace Beiroz","Julio Louzada","Tropical and subtropical moist broadleaf forests","Tropical","Terrestrial",5
,200020,18.47778,-95.15556,"Terrestrial Invertebrates","Data from: Spatial and temporal changes in the dung beetle diversity of a protected, but fragmented, landscape of the northernmost Neotropical rainforest",1999,2017,42,"Mario Enrique Favila Castillo","Renato Portela Salomo","Tropical and subtropical moist broadleaf forests","Tropical","Terrestrial",19
,200021,33.42735,-1.849862,"Terrestrial Invertebrates","Data from: Spatial and temporal variations of aridity shape dung beetle assemblages towards the Sahara desert",2013,2014,63,"Indradatta deCastro-Arrazola",,"Mediterranean Forests, woodlands and scrubs","Temperate","Terrestrial",2
,200022,9.553378,-1.071489,"Fish","Fish population from wetlands in Northern Region of Ghana",2010,2012,53,"Collins Ayine Nsor","Edward Adzesiwor Obodai","Large river ecosystems","Tropical","Freshwater",3
,200023,-17.55181,51.05174,"All","Structure of small tropical islands freshwater fish and crustacean communities: a niche- or dispersal-based process?",2004,2017,45,"Raphael Lagarde",,"Small river ecosystems","Tropical","Freshwater",14
,200024,51.30777,4.519823,"Terrestrial Plants","Ground vegetation data ICP Forests Level II plot Brasschaat",1996,2017,31,"Arne Verstraten","Wouter Van Landuyt","Temperate Coniferous Forest","Temperate","Terrestrial",22
,200025,50.97541,3.804494,"Terrestrial Plants","Ground vegetation data ICP Forests Level II plot Gontrode",1996,2017,26,"Arne Verstraten","Wouter Van Landuyt","Temperate broadleaf and mixed forests","Temperate","Terrestrial",22
,200026,50.74602,4.413249,"Terrestrial Plants","Ground vegetation data ICP Forests Level II plot Sonian forest",1996,2017,46,"Arne Verstraten","Wouter Van Landuyt","Temperate broadleaf and mixed forests","Temperate","Terrestrial",22
,200027,40.5706277777778,0.654258333333333,"Birds","ILTER Ebro Delta Bird Census",1961,2017,9,"Daniel Oro",,"Large river delta ecosystems","Temperate","Terrestrial",57
,200028,6.2,-0.2167,"Invertebrates","Invertebrates of the Pawmpawm River in Southern Ghana (Drift samples)",1970,1971,18,"Rosina Kyerematen",,"Small river ecosystems","Tropical","Freshwater",2
,200029,6.2,-0.2167,"Invertebrates","Invertebrates of the Pawmpawm River in Southern Ghana (Surber samples)",1970,1971,16,"Rosina Kyerematen",,"Small river ecosystems","Tropical","Freshwater",2
,200030,44.77134217,142.16597613,"Fish","Longterm observation of fish community in streams inside and outside road construction of Teshio River system, northern Hokkaido, Japan",1999,2018,12,"Masahiro Nakamura","Yoshiyuki Umatani","Small river ecosystems","Temperate","Freshwater",20
,200031,50.931,5.626,"Terrestrial Invertebrates","LTER National Park Hoge Kempen Arachnids",1986,2013,173,"Natalie Beenaerts","Luc Creveceour","Temperate grasslands, savannas and shrublands","Temperate","Terrestrial",28
,200032,50.964926,5.626886,"Terrestrial Invertebrates","LTER National Park Hoge Kempen Beetles",1980,2013,258,"Natalie Beenaerts","Luc Creveceour","Temperate grasslands, savannas and shrublands","Temperate","Terrestrial",34
,200033,49.68919,7.093194,"Invertebrates","LTER Hunsruck-Hochwald Invertebrates",1985,2005,48,"Stefan Stoll",,"Small river ecosystems","Temperate","Freshwater",21
,200034,51.29494983,4.29773655,"Invertebrates","LTER INBO Lower Seascheldt Invertebrates 1999-2005",1999,2005,19,"Gunther Van Ryckegem",,"Small river ecosystems","Temperate","Freshwater",7
,200035,51.28250344,4.31567076,"Invertebrates","LTER INBO Lower Seascheldt Invertebrates 1999-2005",2008,2015,30,"Gunther Van Ryckegem",,"Small river ecosystems","Temperate","Freshwater",8
,200036,51.300151,4.285094,"Birds","LTER INBO Lower Seascheldt Waterbirds 1991-2017",1991,2017,40,"Gunther Van Ryckegem",,"Small river ecosystems","Temperate","Freshwater",27
,200037,52.44,13.65,"Invertebrates","LTER Lake Muggelsee Germany Phytoplankton",1992,2012,154,"Rita Adrian",,"Small Lake Ecosystems","Temperate","Freshwater",21
,200038,52.44,13.65,"Invertebrates","LTER Lake Muggelsee Germany Zooplankton",1992,2012,94,"Rita Adrian","","Small Lake Ecosystems","Temperate","Freshwater",21
,200039,51.85703704,10.41435185,"Terrestrial Plants","LTER Lange Bramke Vegetation",1990,2017,54,"Henning Meesenburg",,"Temperate Coniferous Forest","Temperate","Terrestrial",28
,200040,55.680062,8.604672,"Terrestrial Plants","LTER Norholm Hede, Denmark Plants",1921,2011,80,"Inger Kappel Schmidt",,"Temperate grasslands, savannas and shrublands","Temperate","Terrestrial",91
,200041,50.12840294,9.28255055,"Invertebrates","LTER Rhine-Main Observatory Aquatic Invertebrates",2001,2016,218,"Peter Haase",,"Small river ecosystems","Temperate","Freshwater",16
,200042,51.7613888888889,9.57805555555556,"Terrestrial Plants","LTER Solling Germany Beech Forest Vegetation",1990,2017,40,"Henning Meesenburg",,"Temperate broadleaf and mixed forests","Temperate","Terrestrial",28
,200043,51.7647222222222,9.57972222222222,"Terrestrial Plants","LTER Solling Germany Spruce Forest Vegetation",1990,2017,110,"Henning Meesenburg",,"Temperate broadleaf and mixed forests","Temperate","Terrestrial",28
,200044,-27.41385,-50.22818,"Mammals","Landscape features lead to shifts in communities of medium- to large-bodied mammals in subtropical Atlantic Forest",2005,2013,38,"Juliano Bogoni",,"Tropical and subtropical moist broadleaf forests","Temperate/Tropical","Terrestrial",9
,200045,-27.5558,-50.5627,"Mammals","Good times, bad times: Resource pulses influence mammal diversity in meridional Brazilian highlands",2013,2017,38,"Juliano Bogoni",,"Tropical and subtropical moist broadleaf forests","Temperate/Tropical","Terrestrial",5
,200046,47.19404,19.28479,"Terrestrial Invertebrates","Long-term species loss and homogenization of moth communities in Central Europe",1962,2009,878,"Anu Valtonen",,"Temperate broadleaf and mixed forests","Temperate","Terrestrial",48
,200047,57.87222,24.99444,"Invertebrates","Latvia LTER Scots pine forest oribatid mite communities 1998-2006",1998,2006,114,"Tancredi Caruso",,"Temperate Coniferous Forest","Temperate","Terrestrial",9
,200048,-29.757,-53.85933,"Reptiles","Reptiles Pitfall Traps Southern Brazil",1996,1998,30,"Tiago Gomes dos Santos","Sonia Zanini Cechin","Tropical and subtropical grasslands, savannas and shrublands","Temperate/Tropical","Terrestrial",3
,200049,6.95366102,99.57822855,"Marine Plants","SeagrassNet monitoring, southern Andaman coast of Thailand 2006-2009",2006,2009,7,"Ekkalak Rattanachot",,"Tropical Coral","Tropical","Marine",4
,200050,53.30757,-0.859682,"Birds","Treswell Wood Standard Site Bird Capture Data 1978  2020",1978,2020,51,"Chris du Feu","John Clark","Temperate broadleaf and mixed forests","Temperate","Terrestrial",43
,200051,-24.03559,-46.73226,"Invertebrates","Four-year study of Trichoptera communities in nine close subtropical streams of Brazil",2014,2017,38,"Environmental Sciences Department, Federal University of So Carlos (UFSCar), So Carlos, So Paulo, Brazil","Institute of Biosciences, So Paulo State University (UNESP), Rio Claro, So Paulo, Brazil.","Small river ecosystems","Temperate/Tropical","Freshwater",4
,200052,-34.52,-58.8,"Birds","Data from: Seasonal Variation And Effect Of Non-Native Invasive Vegetation On Two Bird Communities In Northeast Of Buenos Aires Province, Argentina",2011,2012,44,"Facundo X. Palacio",,"Temperate grasslands, savannas and shrublands","Temperate","Terrestrial",2
,200053,-34.48,-58.26,"Birds","Data from: Urbanization as a driver of taxonomic, functional, and phylogenetic diversity losses in bird communities",1985,2016,38,"Facundo X. Palacio",,"Temperate grasslands, savannas and shrublands","Temperate","Terrestrial",32
,200054,50.97799,-0.972411,"Birds","Whitelands Wood Birds Survey",2006,2018,31,"Fritha West",,"Temperate broadleaf and mixed forests","Temperate","Terrestrial",13
