STUDY_ID,TITLE,BIOME_MAP,CLIMATE,REALM,TAXA,Duration,CONTACT_1,CONTACT_2,wkt
10,Windstorm disturbance without patch dynamics twelve years of change in a Minnesota forest,Temperate broadleaf and mixed forests,Temperate,Terrestrial,Plants,13,Sara Webb,Sara Scanga,POINT (-8190232 5316708)
18,Mapped quadrats in sagebrush steppe long-term data for analyzing demographic rates and plant to plant interactions,Deserts and xeric shrublands,Temperate,Terrestrial,Plants,51,Luke Zachmann,NA,POINT (-9829906 4978417)
33,Long-term phytoplankton community dynamics in the Western English Channel,Temperate shelf and seas ecoregions,Temperate,Marine,Plants,18,Claire Widdicombe,NA,POINT (-357205 5627245)
39,Bird community dynamics in a temperate deciduous forest Long-term trends at Hubbard Brook,Temperate broadleaf and mixed forests,Temperate,Terrestrial,Birds,46,Richard Holmes,Tom Sherry,POINT (-6291984 4931878)
41,Time and space and the variation of species,Temperate broadleaf and mixed forests,Temperate,Terrestrial,Birds,18,Author now deceased,Queries at Ecology,POINT (-7382371 4440303)
46,Skokholm Bird Observatory,Temperate broadleaf and mixed forests,Temperate,Terrestrial,Birds,52,Mark Williamson,NA,POINT (-443065.4 5783494)
51,Fluctuations and long-term in the relative densities of tetraonid populations in Finland. 1964-77,Boreal forests/taiga,Temperate,Terrestrial,Birds,14,Harto Linden,Global Population Dynamics Database,POINT (2011229 6850212)
52,A transect survey of small land carnivore and red fox populations on a subarctic fell in Finnish forest Lapland over 13 winters,Boreal forests/taiga,Polar,Terrestrial,Mammals,13,Erkki Pulliainen,Global Population Dynamics Database,POINT (2194491 7424136)
53,An 11-year study of small mammal populations at Mont St. Hilaire. Quebec,Temperate broadleaf and mixed forests,Temperate,Terrestrial,Mammals,11,Peter Grant,Global Population Dynamics Database,POINT (-6363438 5114812)
54,El Verde Grid invertebrate data (Big Grid Snail Captures 1991-2007),Tropical and subtropical dry broadleaf forests,Tropical,Terrestrial,Invertebrates,33,Christopher Bloch,Michael Willig,POINT (-6243899 2037623)
58,Avian populations long-term monitoring dataset. San Juan. Puerto Rico Luquillo Long Term Ecological Research Site Database Grid points bird counts DBAS 23,Tropical and subtropical dry broadleaf forests,Tropical,Terrestrial,Birds,18,Robert Waide,E Melendez,POINT (-6236973 2040243)
59,Long-term monitoring and experimental manipulation of a Chihuahuan Desert ecosystem near Portal. Arizona. USA,Deserts and xeric shrublands,Temperate,Terrestrial,Mammals,26,Morgan Ernest,Thomas Valone,POINT (-9582909 3407604)
60,Forest Census Plot on Barro Colorado Island,Tropical and subtropical moist broadleaf forests,Tropical,Terrestrial,Plants,34,Stephen Hubbell,Richard Condit,POINT (-7700565 1025413)
63,Monitoring butterfly numbersThe development of dragonfly communities and the consequences of territorial behaviour A 27-year study on small ponds at Woodwalton Fen. Cambridgeshire. United Kingdom,Small lake ecosystems,Temperate,Terrestrial,Invertebrates,27,Great Fen,Global Population Dynamics Database,POINT (-15122.31 5861205)
87,Phytoplankton in the Oosterschelde before. during and after the storm-surge barrier (1982-1990),Temperate shelf and seas ecoregions,Temperate,Marine,Plants,9,Peter Herman,NA,POINT (328765.3 5767494)
150,Admiralty Bay Benthos Diversity Data Base (ABBED).,Temperate shelf and seas ecoregions,Temperate,Marine,Invertebrates,8,Jacek Sicinski,Bruno Danis,POINT (-4559525 -6873460)
189,St. John. USVI Fish Assessment and Monitoring Data (2002 - Present) (NOAA-CCMA),Tropical seas,Tropical,Marine,Fish,10,Kimberley Robertson,NA,POINT (-6170756 2053600)
190,St. Croix. USVI Fish Assessment and Monitoring Data (2002 - Present) (NOAA-CCMA),Tropical seas,Tropical,Marine,Fish,10,Kimberley Robertson,NA,POINT (-6162849 1991543)
194,Spatial and temporal distribution and abundance of moths in the Andrews Experimental Forest. 1994 to 2004,Temperate coniferous forest,Temperate,Terrestrial,Invertebrates,11,Julia Jones,Jeffrey Miller,POINT (-10694568 4968892)
196,SOTEAG Rocky Shore Survey (Sullom Voe),Temperate shelf and seas ecoregions,Temperate,Marine,Invertebrates,37,Rebecca Kinnear,Jon Moore,POINT (-104511.3 6702548)
201,Pasoh Forest Dynamics Plot. Malaysia - Smithsonian Tropical Research Institute,Tropical and subtropical moist broadleaf forests,Tropical,Terrestrial,Plants,14,Christine Fletcher,Abd Rahman Kassim,POINT (9901626 333993.3)
202,Mudumalai Forest Dynamics Plot. India - Smithsonian Tropical Research Institute,Tropical and subtropical moist broadleaf forests,Tropical,Terrestrial,Plants,13,R Sukuman,Sandeep Pulla,POINT (7363589 1299854)
224,Experiment 133 - Effect of Burning Patterns on Vegetation in the Fish Lake Burn Compartments - Shrub Survey,Temperate broadleaf and mixed forests,Temperate,Terrestrial,Plants,11,Peter Reich,NA,POINT (-8111337 5096715)
225,Point count bird censusing long-term monitoring of bird distrubution and diversity in central Arizona-Phoenix period 2000 to 2011,Deserts and xeric shrublands,Temperate,Terrestrial,Birds,12,Nancy Grimm,NA,POINT (-10257897 3758020)
226,Transect bird survey with data synthesis from multiple transects in the central Arizona-Phoenix area period 1998 to 2000,Deserts and xeric shrublands,Temperate,Terrestrial,Birds,3,Nancy Grimm,NA,POINT (-10257897 3758020)
230,Macrophyte count data collected from Northeast Shark Slough Everglades National Park (FCE) from September 2006 to Present,Flooded grasslands and savannas,Temperate,Marine,Plants,3,Evelyn?Gaiser,Evelyn Gaiser,POINT (-7560416 2882940)
231,"Consumer Stocks: Fish, Vegetation, and other Non-physical Data from Everglades National Park (FCE LTER), South Florida, USA from February 2000 to April 2005",Flooded grasslands and savannas,Temperate,Freshwater,Multiple,6,Joel Trexler,Florida Coastal Everglades LTER Program,POINT (-7584144 2844977)
233,HF044. Land Use on the Southern New England and New York Coasts 1600-2001,Temperate broadleaf and mixed forests,Temperate,Terrestrial,Plants,3,David Foster,NA,POINT (-6373195 4778588)
234,"Forest Inventory of a Northern Hardwood Forest: Watershed 6, Hubbard Brook Experimental Forest (Trees &gt;=10cm dbh, 1977-2017)",Temperate broadleaf and mixed forests,Temperate,Terrestrial,Plants,41,"Information Manager, Hubbard Brook LTER",NA,POINT (-6289709 4936696)
235,Forest Inventory of a Northern Hardwood Forest Watershed 5,Temperate broadleaf and mixed forests,Temperate,Terrestrial,Plants,20,Information Manager at Hubbard Brook LTER,NA,POINT (-6289349 4936651)
236,Fish population on selected watersheds at Konza Prairie - CFP012 - Konza fish population,Small river ecosystems,Temperate,Freshwater,Fish,12,Keith B Gido,NA,POINT (-8657557 4394726)
237,Madison Wisconsin Lakes Zooplankton 1976 - 1994 - old net,Small lake ecosystems,Temperate,Freshwater,Invertebrates,19,Emily Stanley,NA,POINT (-7867263 4833655)
238,North Temperate Lakes LTER Zooplankton - Madison Lakes Area 1997 - current,Small lake ecosystems,Temperate,Freshwater,Invertebrates,20,Emily Stanley,NA,POINT (-7871812 4838815)
239,Pinon Juniper Net Primary Production Quadrat Data from the Sevilleta National Wildlife Refuge New Mexico 1999-2001,Deserts and xeric shrublands,Temperate,Terrestrial,Plants,3,Douglas I. Moore,NA,POINT (-9763170 3861678)
240,Pinon-Juniper (Core Site) Quadrat Data for the Net Primary Production Study at the Sevilleta National Wildlife Refuge New Mexico (2003-present ),Deserts and xeric shrublands,Temperate,Terrestrial,Plants,13,Sevilleta LTER Information Manager,NA,POINT (-9763170 3861678)
241,Sherman Forest Dynamics Plot Panama,Tropical and subtropical moist broadleaf forests,Tropical,Terrestrial,Plants,14,Richard Condit,NA,POINT (-7709593 1049128)
242,Lac Croche understory vegetation data set (1998 to 2006),Temperate broadleaf and mixed forests,Temperate,Terrestrial,Plants,9,Alain Paquette,NA,POINT (-6420459 5162134)
243,Long-term N-fertilized vegetation plots on Hog Island Virginia Coastal Barrier Islands 1992 to 2014,Temperate coniferous forest,Temperate,Terrestrial,Plants,23,Frank Day,NA,POINT (-6830835 4210019)
246,Long-term monitoring dataset of fish assemblages impinged at nuclear power plants in northern Taiwan,Temperate shelf and seas ecoregions,Temperate,Marine,Fish,15,Kwang-Tsao Shao,NA,POINT (11421862 2834744)
247,Zooplankton survey of Oneida Lake New York 1964 to present,Small lake ecosystems,Temperate,Freshwater,Invertebrates,46,Lars Rudstam,Kristen Holeck,POINT (-6681025 4852705)
248,Evidence for long-term shift in plant community composition under decadal experimental warming,"Temperate grasslands, savannas and shrublands",Temperate,Terrestrial,Plants,13,Zheng Shi,NA,POINT (-8962726 4923377)
249,Resource specialists lead local insect community turnover associated with temperature - analysis of an 18-year full-seasonal record of moths and beetles,Temperate broadleaf and mixed forests,Temperate,Terrestrial,Invertebrates,16,Peter Jorgensen,Philip Thomsen,POINT (1027183 6209405)
253,North Temperate Lakes LTER Zooplankton - Trout Lake Area 1982 - current,Small lake ecosystems,Temperate,Freshwater,Invertebrates,40,NTL LTER Information Manager,NTL LTER Lead PI,POINT (-7777939 5166673)
254,North Temperate Lakes LTER: Phytoplankton - Madison Lakes Area 1995 - current,Small lake ecosystems,Temperate,Freshwater,Plants,26,John J. Magnuson,NTL LTER,POINT (-7876500 4845926)
255,Multi-decade. spatially explicit population studies of canopy dynamics in Michigan old-growth forests,Temperate broadleaf and mixed forests,Temperate,Terrestrial,Plants,15,Kerry D. Woods,NA,POINT (-7544776 5203242)
257,Madison Wisconsin Lakes Zooplankton 1976 - 1994 - new net,Small lake ecosystems,Temperate,Freshwater,Invertebrates,4,Emily Stanley,NA,POINT (-7870222 4839872)
270,Experimental evidence of reduced diversity of seedlings due to climate modification in a Mediterranean-type community.,"Mediterranean forests, woodlands and scrubs",Temperate,Terrestrial,Plants,4,Francisco Lloret,NA,POINT (168704.5 4641521)
271,"Santa Barbara Coastal LTER Reef: Kelp Forest Community Dynamics: Abundance and size of Giant Kelp (Macrocystis Pyrifera), ongoing since 2000",Temperate shelf and seas ecoregions,Temperate,Marine,Fish,15,Dan Reed,NA,POINT (-10951967 3856682)
272,Santa Barbara Coastal LTER Reef: Kelp Forest Community Dynamics: Fish abundance,Temperate shelf and seas ecoregions,Temperate,Marine,Invertebrates,15,Dan Reed,NA,POINT (-10952057 3856670)
273,Santa Barbara Coastal LTER Reef: Kelp Forest Community Dynamics: Invertebrate and algal density,Temperate shelf and seas ecoregions,Temperate,Marine,Invertebrates,15,Dan Reed,NA,POINT (-10952057 3856670)
274,"Santa Barbara Coastal LTER Reef: Kelp Forest Community Dynamics: Cover of sessile organisms, Uniform Point Contact",Temperate shelf and seas ecoregions,Temperate,Marine,Multiple,15,Dan Reed,NA,POINT (-10951967 3856682)
275,Response of an urban remnant reptile community to summer wildfire,"Mediterranean forests, woodlands and scrubs",Temperate,Terrestrial,Reptiles,6,Dr Rob A. Davis,Dr Tim S. Doherty,POINT (10668443 -3593144)
276,Eutrophication and Dreissena Invasion as Drivers of Biodiversity A Century of Change in the Mollusc Community of Oneida Lake,Small lake ecosystems,Temperate,Freshwater,Invertebrates,96,Vadim Karatayev,NA,POINT (-6693841 4853081)
294,Tam Dao Butterfly communities,Tropical and subtropical moist broadleaf forests,Tropical,Terrestrial,Invertebrates,11,Timothy C Bonebrake,Lie Van Vu,POINT (9963727 2365851)
298,Long-term mapped quadrats from Kansas prairie demographic information for herbaceaous plants,"Temperate grasslands, savannas and shrublands",Temperate,Terrestrial,Plants,70,Peter B Adler,NA,POINT (-8914413 4361877)
299,Elba Island Butterflies,"Mediterranean forests, woodlands and scrubs",Temperate,Terrestrial,Invertebrates,101,Leonardo Dapporto,NA,POINT (908279.5 4805287)
300,Insect Populations via Sticky Traps at KBS-LTER (Kellogg Biological Station. MI),Temperate broadleaf and mixed forests,Temperate,Terrestrial,Invertebrates,25,Doug Landis,Stuart Gage,POINT (-7542275 4765105)
301,Konza Prarie grasshoppers -  CGR022,"Temperate grasslands, savannas and shrublands",Temperate,Terrestrial,Invertebrates,37,Ellen Welti,Anthony Joern,POINT (-8660170 4393372)
302,Patterns and processes affecting the dynamics and structure of seasonally semideciduous forests in SE Brazil(Padroes e processos que influenciam a dinamica e a estrutura das Florestas Estacionais Semideciduais SE Brasil),Tropical and subtropical moist broadleaf forests,Tropical,Terrestrial,Plants,10,Tiago Egydio Barreto,"Ricardo Rodrigues, Renato Augusto Ferreira de Lima and Thiago Almeida Bueno",POINT (-4696927 -2511788)
303,The influence of environmental variables on tree species component dynamics in a montane forest fragment in Lages SC Brazil Influencia de variaveis ambientais na dinamica do componente arboreo em um fragmento de Floresta Ombrofila Mista em Lages SC,Tropical and subtropical moist broadleaf forests,Temperate/Tropical,Terrestrial,Plants,9,Pedro Higuchi,Ana Carolina da Silva,POINT (-4681239 -3129742)
305,Population estimates of Appalachian salamanders. Coweeta LTER,Temperate broadleaf and mixed forests,Temperate,Terrestrial,Amphibians,15,R Haven Wiley,NA,POINT (-7609400 3934876)
306,Edwin S. George Reserve Turtles. The Global Population Dynamics Database Version 2,Small lake ecosystems,Temperate,Freshwater,Reptiles,18,Barry Brook,NA,POINT (-7413629 4770464)
307,Kellogg LTER seed bank,Temperate broadleaf and mixed forests,Temperate,Terrestrial,Plants,10,Sven Bohm,Kay Gross,POINT (-7542275 4765105)
308,Long Term Mammal Data from Powdermill Biological Station 1979-1999,Temperate broadleaf and mixed forests,Temperate,Terrestrial,Mammals,21,Joseph F Merritt,NA,POINT (-7073454 4515363)
311,Seasonal summary of numbers of small mammals on 14 LTER traplines in prairie habitats at Konza Prairie,"Temperate grasslands, savannas and shrublands",Temperate,Terrestrial,Mammals,33,Donald W. Kaufman,NA,POINT (-8660135 4393631)
312,Stability in a Multi-Species Assemblage of Large Herbivores in East Africa,"Tropical and subtropical grasslands, savannas and shrublands",Tropical,Terrestrial,Mammals,26,Herbert Henri Theodore Prins,NA,POINT (3459269 392016.9)
313,Successional Dynamics on a Resampled Chronosequence Core Old Field Grasshopper Sampling,Temperate broadleaf and mixed forests,Temperate,Terrestrial,Invertebrates,18,Knops Johannes,Tilman David,POINT (-8111337 5096715)
314,Successional Dynamics on a Resampled Chronosequence Small mammal abundance,Temperate broadleaf and mixed forests,Temperate,Terrestrial,Mammals,3,Knops Johannes,Tilman David,POINT (-8111337 5096715)
315,Jornada Grasshopper Data,Deserts and xeric shrublands,Temperate,Terrestrial,Invertebrates,3,John Anderson,David Lightfoor,POINT (-9809518 3666714)
316,Lizard pitfall trap data (LTER-II LTER-III),Deserts and xeric shrublands,Temperate,Terrestrial,Reptiles,18,John Anderson,David Lightfoot,POINT (-9809518 3666714)
317,Mangrove Forest Growth from the Shark River Slough Everglades National Park (FCE) South Florida from January 1995 to Present,Flooded grasslands and savannas,Temperate,Terrestrial,Plants,11,Robert ATwilley,Victor Rivera-Monroy,POINT (-7591493 2845083)
319,Effects of rangeland management on community dynamics of herpetofauna to the tallgrass prairie,"Temperate grasslands, savannas and shrublands",Temperate,Terrestrial,Multiple,15,Dustin J. Wilgers,NA,POINT (-8737928 4187933)
321,Small Mammal Exclosure Study. Jornada LTER.  SMES rodent trapping data,Deserts and xeric shrublands,Temperate,Terrestrial,Mammals,13,Robert Schooley,NA,POINT (-9818406 3658860)
322,Forest destructuring as revealed by the temporal dynamics of fundamental species - Case study of Santa Genebra Forest in Brazil,Tropical and subtropical moist broadleaf forests,Tropical,Terrestrial,Plants,22,Fabiano Turini Farah,"Ricardo Rodrigues, Renato Augusto Ferreira de Lima and Thiago Almeida Bueno",POINT (-4449142 -2562037)
323,The Response of Anolis Lizards to Hurricane-Induced Habitat Changes in a Puerto Rican Rain Forest.,Tropical and subtropical moist broadleaf forests,Tropical,Terrestrial,Reptiles,4,Douglas Reagan,NA,POINT (-6269166 2054595)
324,Temporal evaluation of natural regeneration in a semi-deciduous forest in Pirenopolis. Goias. Brazil,"Tropical and subtropical grasslands, savannas and shrublands",Tropical,Terrestrial,Plants,5,Fabio Venturoli,NA,POINT (-4688244 -1774110)
325,Temporal evaluation of natural regeneration in a semi-deciduous forest in Pirenopolis. Goias. Brazil,"Tropical and subtropical grasslands, savannas and shrublands",Tropical,Terrestrial,Plants,5,Fabio Venturoli,NA,POINT (-4688244 -1774110)
326,Temporal evaluation of natural regeneration in a semi-deciduous forest in Pirenopolis. Goias. Brazil,"Tropical and subtropical grasslands, savannas and shrublands",Tropical,Terrestrial,Plants,5,Fabio Venturoli,NA,POINT (-4688244 -1774110)
327,Fray Jorge Small Mammals 1989-2005,"Mediterranean forests, woodlands and scrubs",Temperate,Terrestrial,Mammals,17,Douglas A. Kelt,NA,POINT (-6632798 -3438897)
328,The Rainbow Bay Long-term Study,Small river ecosystems,Temperate,Freshwater,Amphibians,30,David Scott,NA,POINT (-7510965 3626124)
329,Twenty years tree demography in an undisturbed Dipterocarp permanent sample plot at Uppangala Western Ghats of India,Tropical and subtropical moist broadleaf forests,Tropical,Terrestrial,Plants,21,N. Ayyappan,NA,POINT (7272051 1405183)
332,Stream Fish Assemblage stability in a southern Appalachian stream (Coweeta Hydro Lab 1984 - 1995),Small river ecosystems,Temperate,Freshwater,Fish,12,Gary D Grossman,NA,POINT (-7601538 3941507)
333,Weekly record of bird species observed on Konza Prairie,"Temperate grasslands, savannas and shrublands",Temperate,Terrestrial,Birds,29,JMB,J Briggs,POINT (-8660135 4393631)
334,"Above ground plant biomass in a mesic acidic tussock tundra experimental site from 1982 to 2015 Arctic LTER, Toolik Lake, Alaska",Tundra,Polar,Terrestrial,Plants,19,Gaius Shaver,Arctic LTER Data Manager,POINT (-11039687 7508410)
335,Stochasticity in structural and functional characteristics of an Indiana stream fish assemblage  a test of community theory,Small river ecosystems,Temperate,Freshwater,Fish,13,Gary D Grossman,NA,POINT (-7820983 4447267)
336,Long term monitoring and experimental manipulation of a Chihuahuan Desert ecosystem near Portal Arizona,Deserts and xeric shrublands,Temperate,Terrestrial,Plants,14,Morgan Ernest,Tom Valone,POINT (-10047375 3589913)
337,Mountain Birdwatch,Temperate broadleaf and mixed forests,Temperate,Terrestrial,Birds,11,John D. Lloyd,Kent P. McFarland,POINT (-6319610 4969556)
338,Dynamics and Organization of a Rocky Intertidal Fish Assemblage,Temperate shelf and seas ecoregions,Temperate,Marine,Fish,3,Gary D Grossman,NA,POINT (-11078813 4272145)
339,Species trends turnover and composition of a woodland bird community in southern Sweden during a period of 57 years.,Temperate broadleaf and mixed forests,Temperate,Terrestrial,Birds,57,Soren Svensson,NA,POINT (1090412 6210893)
340,"Small Mammal Exclosure Study (SMES) Vegetation Data from the Chihuahuan Desert Grassland and Shrubland at the Sevilleta National Wildlife Refuge, New Mexico (1995-2009)",Deserts and xeric shrublands,Tropical,Terrestrial,Plants,15,David Lightfoot,NA,POINT (-9759987 3857689)
342,Brazil Dataset 2,"Tropical and subtropical grasslands, savannas and shrublands",Tropical,Terrestrial,Plants,19,Giselda Durigan,NA,POINT (-4772665 -2548077)
343,Brazil Dataset 3,Tropical and subtropical moist broadleaf forests,Tropical,Terrestrial,Plants,18,Giselda Durigan,NA,POINT (-4723015 -2471723)
344,Brazil Dataset 4,"Tropical and subtropical grasslands, savannas and shrublands",Tropical,Terrestrial,Plants,13,Giselda Durigan,NA,POINT (-4759748 -2536371)
345,Brazil Dataset 5,"Tropical and subtropical grasslands, savannas and shrublands",Tropical,Terrestrial,Plants,13,Giselda Durigan,NA,POINT (-4762120 -2537689)
346,Monitoring experiences at the Atlantic rainforest biome using permanent plots.,"Tropical and subtropical grasslands, savannas and shrublands",Tropical,Terrestrial,Plants,10,Carolina Mathias Moreira,"Ana Paula Savassi-Coutinho Giselda Durigan Vincius Castro Souza Natlia Macedo Ivanauskas Ricardo Ribeiro Rodrigues, Renato Augusto Ferreira de Lima and Thiago Almeida Bueno",POINT (-4760709 -2535897)
347,Zooplankton community of the Vitoria Bay estuarine system (southeastern Brazil). Characterization during a three-year study,Tropical seas,Tropical,Marine,Invertebrates,3,Jose Mauro Sterza,Luiz Loureiro Fernandes,POINT (-3828802 -2276402)
349,St. M polychaete species time-series,Temperate shelf and seas ecoregions,Temperate,Marine,Invertebrates,21,Claire Laguionie-Marchais,Henry Ruhl,POINT (-11214782 3925643)
350,Megafauna PAP time series,Temperate shelf and seas ecoregions,Temperate,Marine,Invertebrates,23,Claire Laguionie-Marchais,Henry Ruhl,POINT (-1407949 5491508)
351,Megafauna Sta M time series,Temperate shelf and seas ecoregions,Temperate,Marine,Invertebrates,16,Claire Laguionie-Marchais,Henry Ruhl,POINT (-11215937 3916110)
352,Flooded forest plot sampling in Peru,Tropical and subtropical moist broadleaf forests,Tropical,Terrestrial,Plants,4,Randall W. Myster,NA,POINT (-7259975 -224001.2)
353,La Planada Forest Dynamics Plots,Tropical and subtropical moist broadleaf forests,Tropical,Terrestrial,Plants,7,Natalia Norden Medina,NA,POINT (-7550674 129448.7)
355,Plant Species Composition on Selected Watersheds at Konza Prairie,"Temperate grasslands, savannas and shrublands",Temperate,Terrestrial,Plants,33,David C. Hartnett,Scott L. Collins,POINT (-8660135 4393631)
357,Small Mammal Trapping Webs on the Central Plains Experimental Range,"Temperate grasslands, savannas and shrublands",Temperate,Terrestrial,Mammals,13,Paul Stapp,NA,POINT (-9321594 4588925)
358,Neotropical Migratory Bird Communities in a Developing Pine Plantation,Temperate coniferous forest,Temperate,Terrestrial,Birds,16,H Williamson,NA,POINT (-8743778 3549814)
359,SBC LTER Reef Kelp Forest Community Dynamics Fish abundance,Temperate shelf and seas ecoregions,Temperate,Marine,Fish,13,Santa Barbara Coastal LTER,Daniel C Reed,POINT (-10951769 3857049)
360,Bialowieza National Park bird assemblage,Temperate broadleaf and mixed forests,Temperate,Terrestrial,Birds,40,Tomasz Wesolowski,NA,POINT (2024436 5892734)
361,A long-term bird population study in an Appalachian spruce forest,Temperate broadleaf and mixed forests,Temperate,Terrestrial,Birds,22,JSTOR,NA,POINT (-7172688 4340575)
362,Plant and small-mammal responses to large-herbivore exclusion in an African savanna,"Tropical and subtropical grasslands, savannas and shrublands",Tropical,Terrestrial,Mammals,4,Tyler R. Kartzinel,NA,POINT (3571726 43593.91)
363,The 37-year dynamics of a subalpine bird community with special emphasis on the influence of environmental temperature and Epirrita autumnata cycles.,Tundra,Temperate,Terrestrial,Birds,37,Anders Enemar,NA,POINT (1232782 7251443)
364,Long-term reductions in anthropogenic nutrients link to improvements in Chesapeake Bay habitat,Large river ecosystems,Temperate,Freshwater,Plants,18,Nancy Rybicki,Henry Ruhl,POINT (-6915731 4373198)
365,Hahei marine dataset (1997-2002),Temperate shelf and seas ecoregions,Temperate,Marine,Fish,6,Trevor Willis,NA,POINT (15929793 -4188661)
366,Small Mammal Exclosure Study (SMES),Deserts and xeric shrublands,Temperate,Terrestrial,Mammals,25,David Lightfoot,NA,POINT (-9763170 3861678)
368,Monitoring site 1000 Land waters research- Lakes benthic animal research,Small lake ecosystems,Temperate,Freshwater,Invertebrates,2,Ecosystem monitoring department and maintenance department. Nature Conservation Bureau Ministry of the Environment Biodiversity Center,NPO Japan Wetlands International,POINT (12385094 3977528)
369,Monitoring site 1000 Alpine research - Surface wandering beetles,Temperate broadleaf and mixed forests,Temperate,Terrestrial,Invertebrates,6,General Foundation Natural Environment Research Center monitoring site 1000 alpine zone personnel,Nature Conservation Bureau Ministry of the Environment Biodiversity Center Contact: ecosystem monitoring Department,POINT (12409982 4063960)
378,Calafuria Mid-shore Intertidal Dataset (1991-2014),Temperate shelf and seas ecoregions,Temperate,Marine,Invertebrates,16,Lisandro Benedetti Cecchi,NA,POINT (908366 4882993)
379,Calafuria Low-shore Intertidal Dataset (1991-2014),Temperate shelf and seas ecoregions,Temperate,Marine,Invertebrates,24,Lisandro Benedetti Cecchi,NA,POINT (908366 4882993)
380,Monitoring butterfly numbers,Temperate broadleaf and mixed forests,Temperate,Terrestrial,Invertebrates,10,GPDD,NA,POINT (4658.999 5691723)
381,Long-term sampling of a herpetofaunal assemblage on an isolated urban bushland,"Mediterranean forests, woodlands and scrubs",Temperate,Terrestrial,Multiple,7,R A How,NA,POINT (10663505 -3589283)
382,Small Mammals and Vegetation Changes After Fire in a Mixed Conifer-Hardwood Forest,Temperate broadleaf and mixed forests,Temperate,Terrestrial,Mammals,13,Contact at GPDD,NA,POINT (-7888244 5364161)
383,Boubin,Temperate broadleaf and mixed forests,Temperate,Terrestrial,Plants,39,Tomas Vrska,Kamil Kral,POINT (1178640 5489070)
384,Cahnov-Soutok,Temperate broadleaf and mixed forests,Temperate,Terrestrial,Plants,34,Tomas Vrska,Kamil Kral,POINT (1448459 5453940)
385,Milesice,Temperate broadleaf and mixed forests,Temperate,Terrestrial,Plants,40,Tomas Vrska,Kamil Kral,POINT (1180956 5489843)
386,Mionsi-V,Temperate coniferous forest,Temperate,Terrestrial,Plants,16,Tomas Vrska,Kamil Kral,POINT (1587326 5549844)
387,Mionsi-R,Temperate coniferous forest,Temperate,Terrestrial,Plants,52,Tomas Vrska,Kamil Kral,POINT (1587389 5549995)
388,Mionsi-C,Temperate coniferous forest,Temperate,Terrestrial,Plants,58,Tomas Vrska,Kamil Kral,POINT (1586839 5549817)
389,Ranspurk,Temperate broadleaf and mixed forests,Temperate,Terrestrial,Plants,34,Tomas Vrska,Kamil Kral,POINT (1448862 5456511)
390,Razula,Temperate coniferous forest,Temperate,Terrestrial,Plants,38,Tomas Vrska,Kamil Kral,POINT (1565264 5530655)
391,Salajka,Temperate coniferous forest,Temperate,Terrestrial,Plants,34,Tomas Vrska,Kamil Kral,POINT (1568079 5535231)
392,Stozec,Temperate broadleaf and mixed forests,Temperate,Terrestrial,Plants,40,Tomas Vrska,Kamil Kral,POINT (1181432 5478408)
393,Velka Ples,Temperate broadleaf and mixed forests,Temperate,Terrestrial,Plants,38,Tomas Vrska,Kamil Kral,POINT (1171043 5599033)
394,Zakova hora,Temperate broadleaf and mixed forests,Temperate,Terrestrial,Plants,38,Tomas Vrska,Kamil Kral,POINT (1359279 5562696)
395,Zofin,Temperate broadleaf and mixed forests,Temperate,Terrestrial,Plants,34,Tomas Vrska,Kamil Kral,POINT (1257343 5455177)
396,Doutnac,Temperate broadleaf and mixed forests,Temperate,Terrestrial,Plants,11,Tomas Vrska,Kamil Kral,POINT (1200980 5595315)
397,Polednik,Temperate broadleaf and mixed forests,Temperate,Terrestrial,Plants,9,Tomas Vrska,Kamil Kral,POINT (1278838 5693400)
398,Polom,Temperate broadleaf and mixed forests,Temperate,Terrestrial,Plants,23,Tomas Vrska,Kamil Kral,POINT (1337956 5577366)
399,V Kluci,Temperate broadleaf and mixed forests,Temperate,Terrestrial,Plants,28,Tomas Vrska,Kamil Kral,POINT (1322171 5525594)
400,Jirina,Temperate broadleaf and mixed forests,Temperate,Terrestrial,Plants,22,Tomas Vrska,Kamil Kral,POINT (1233670 5625792)
401,Kohoutov,Temperate broadleaf and mixed forests,Temperate,Terrestrial,Plants,21,Tomas Vrska,Kamil Kral,POINT (1168855 5591752)
403,Community ecology of anura amphibia at Northwest region of Sao Paulo state,Small lake ecosystems,Tropical,Freshwater,Amphibians,7,Denise de Cerqueira Rossa-Feres,NA,POINT (-4710711 -2377112)
404,Brazil Dataset 7,"Tropical and subtropical grasslands, savannas and shrublands",Tropical,Terrestrial,Plants,3,Gabriella Damasceno,Alessandra Fidelis,POINT (-4528581 -2495599)
405,Brazil Dataset 8,"Tropical and subtropical grasslands, savannas and shrublands",Tropical,Terrestrial,Plants,3,Alessandra Fidelis,NA,POINT (-4485835 -1143526)
406,Short-term changes caused by fire and mowing in Brazilian Campos grasslands with different long-term fire histories,"Tropical and subtropical grasslands, savannas and shrublands",Temperate,Terrestrial,Plants,3,Alessandra Fidelis,NA,POINT (-4736748 -3376850)
412,Icthyoplankton data collected from Yenliao Bay in 6 stations northeast of Taiwan (1995-2000),Tropical seas,Temperate,Marine,Fish,6,Chih-hao Hsieh (Zac),NA,POINT (11457443 2811894)
413,Bird populations in east central Illinois. Fluctuations variations and development over a half-century,"Temperate grasslands, savannas and shrublands",Temperate,Terrestrial,Birds,50,Author now deceased,NA,POINT (-7917957 4494400)
414,Bird populations in east central Illinois. Fluctuations variations and development over a half-century,"Temperate grasslands, savannas and shrublands",Temperate,Terrestrial,Birds,53,Author now deceased,NA,POINT (-7917957 4494400)
415,Bird populations in east central Illinois. Fluctuations variations and development over a half-century,"Temperate grasslands, savannas and shrublands",Temperate,Terrestrial,Birds,19,Author now deceased,NA,POINT (-7881499 4511179)
416,Bird populations in east central Illinois. Fluctuations variations and development over a half-century,"Temperate grasslands, savannas and shrublands",Temperate,Terrestrial,Birds,26,Author now deceased,NA,POINT (-7881499 4511179)
419,Data collected aboard cruises off the coast of the Western Antarctic Penninsula,Polar ecoregions,Temperate,Marine,Birds,19,William R Fraser,NA,POINT (-4888533 -7133898)
426,Phytoplankton time series from Lake Zurich,Small lake ecosystems,Temperate,Freshwater,Invertebrates,35,Francesco Pomati,NA,POINT (737336.3 5309035)
427,Zooplankton time series from Lake Zurich,Small lake ecosystems,Temperate,Freshwater,Invertebrates,32,Francesco Pomati,NA,POINT (737336.3 5309035)
429,Scleractinian corals from Orpheus and Magnetic Islands 2013 to 2020,Tropical coral,Tropical,Marine,Invertebrates,8,Chao-Yang Kuo,Andrew Baird,POINT (13963416 -2112900)
434,Summer Phytoplankton Densities 1992-2001,Small lake ecosystems,Polar,Freshwater,Invertebrates,10,Diane McKnight,John Priscu,POINT (10963484 -8327362)
437,Aceh WCS fish survey 2010 to 2016,Tropical coral,Tropical,Marine,Fish,7,Andrew Hoey,NA,POINT (9210653 644426.4)
438,Aceh WCS fish surveys,Tropical coral,Tropical,Marine,Fish,9,Andrew Hoey,NA,POINT (9204733 645757.6)
439,Long-term dynamics of bird populations in pine forests of Ilmen Nature Reserve during the breeding period individuals / km2,"Temperate grasslands, savannas and shrublands",Temperate,Terrestrial,Birds,13,Roberto Cazzolla Gatti,NA,POINT (4971615 6082960)
440,Long-term dynamics of bird populations in pine-birch forests of Ilmen Nature Reserve during the breeding period individuals / km2,"Temperate grasslands, savannas and shrublands",Temperate,Terrestrial,Birds,13,Roberto Cazzolla Gatti,NA,POINT (4971615 6082960)
441,Long-term dynamics of bird populations in birch forests of Ilmen Nature Reserve during the breeding period individuals / km2,"Temperate grasslands, savannas and shrublands",Temperate,Terrestrial,Birds,13,Roberto Cazzolla Gatti,NA,POINT (4971615 6082960)
442,Composition and abundance of bird species in the village Matabay in June 1980-1985 (absolute indicators (area 025 km2)),Montane grasslands and shrublands,Temperate,Terrestrial,Birds,6,Roberto Cazzolla Gatti,NA,POINT (7322834 5455412)
443,Composition and abundance of bird species in the village Verhnjaja Elovka in June 1980-1985 (absolute indicators (area 025 km2)),Montane grasslands and shrublands,Temperate,Terrestrial,Birds,4,Roberto Cazzolla Gatti,NA,POINT (7326075 5473351)
444,The dynamics of species composition and abundance of migratory birds of prey in the Irkut River mouth (absolute figures),Boreal forests/taiga,Temperate,Terrestrial,Birds,5,Roberto Cazzolla Gatti,NA,POINT (8722334 5847832)
445,A number of waterfowl after periods of breeding and molting in the lower reaches of Ob River (thous. individuals / 22 thous. km2),Large river ecosystems,Temperate,Terrestrial,Birds,3,Roberto Cazzolla Gatti,NA,POINT (5403953 7291620)
446,The density of population (ind/1000ha.) of hunting species of mammals in the Republic of Mordovia (Chamzinsky district),Temperate broadleaf and mixed forests,Temperate,Terrestrial,Mammals,5,Roberto Cazzolla Gatti,NA,POINT (3777286 6072700)
447,Long-term population dynamics of small mammals in the Natural Boundary Morozova Gora (individuals / 100 trap-nights),Temperate broadleaf and mixed forests,Temperate,Terrestrial,Mammals,9,Roberto Cazzolla Gatti,NA,POINT (3249963 5880401)
448,Number of small mammals in Verkhnyaya Angara basin (accounting period since 20.07 to 20.08 individuals /100 trap-nights,Boreal forests/taiga,Temperate,Terrestrial,Mammals,4,Roberto Cazzolla Gatti,NA,POINT (9102595 6251140)
449,Indicators of abundance (individuals / 100 trap-nights) of different species of small mammals in different years with using trap grooves and a coefficient characterizing the adverse conditions winter,Boreal forests/taiga,Temperate,Terrestrial,Mammals,10,Roberto Cazzolla Gatti,NA,POINT (9143054 5496952)
450,Composition (%) and biomass (thous. tons) of fish species  in Olyutorsky-Navarin area in 2005-2012,Temperate shelf and seas ecoregions,Temperate,Marine,Fish,8,Roberto Cazzolla Gatti,NA,POINT (13323884 6678788)
451,Composition (%) and biomass (thous. tons) of fish species  in  Gulf of Anadyr in 2005-2012,Temperate shelf and seas ecoregions,Temperate,Marine,Fish,8,Roberto Cazzolla Gatti,NA,POINT (-13672766 7057756)
452,Year-to-year dynamics of total nekton biomass (thous. tons) in the upper epipelagic of the North-West Pacific in June-July of 2000s,Temperate shelf and seas ecoregions,Temperate,Marine,Fish,9,Roberto Cazzolla Gatti,NA,POINT (13806920 5272836)
453,Population dynamics of some species founded in all periods of study in the lake Bolshoi Kharbei in late July - early August (thous.individuals/m3),Small lake ecosystems,Polar/Temperate,Freshwater,Invertebrates,42,Roberto Cazzolla Gatti,NA,POINT (4668857 7383668)
455,Dynamics of a coral reef community,Tropical seas,Tropical,Marine,Invertebrates,3,Chao-yang Kuo,Tung-Yung Fan,POINT (11428456 2463743)
456,Dynamics of a coral reef community,Tropical seas,Tropical,Marine,Invertebrates,8,Chao-yang Kuo,Chaolun Allen Chen,POINT (11421167 2468532)
457,Dynamics of a coral reef community,Tropical coral,Tropical,Marine,Invertebrates,12,Chao-yang Kuo,Chaolun Allen Chen,POINT (11428547 2462881)
458,Beetles from the Bavarian Forest,Temperate broadleaf and mixed forests,Temperate,Terrestrial,Invertebrates,4,Simon Thorn,Jorg Muller,POINT (1135414 5500751)
459,Birds from the Bavarian Forest,Temperate broadleaf and mixed forests,Temperate,Terrestrial,Birds,5,Simon Thorn,Jorg Muller,POINT (1135436 5500710)
460,Fungi from the Bavarian Forest unlogged,Temperate broadleaf and mixed forests,Temperate,Terrestrial,Fungi,5,Simon Thorn,Jorg Muller,POINT (1135427 5500739)
461,Lichens (obj) from the Bavarian Forest unlogged,Temperate broadleaf and mixed forests,Temperate,Terrestrial,Fungi,5,Simon Thorn,Jorg Muller,POINT (1135427 5500739)
462,Lichens (soil) from the Bavarian Forest unlogged,Temperate broadleaf and mixed forests,Temperate,Terrestrial,Fungi,5,Simon Thorn,Jorg Muller,POINT (1135416 5500723)
463,Mosses (obj) from the Bavarian Forest,Temperate broadleaf and mixed forests,Temperate,Terrestrial,Plants,5,Simon Thorn,Jorg Muller,POINT (1135427 5500739)
464,Mosses (soil) from the Bavarian Forest,Temperate broadleaf and mixed forests,Temperate,Terrestrial,Plants,5,Simon Thorn,Jorg Muller,POINT (1135398 5500761)
465,Plants from the Bavarian Forest,Temperate broadleaf and mixed forests,Temperate,Terrestrial,Plants,6,Simon Thorn,Jorg Muller,POINT (1135414 5500751)
467,Spatial and temporal organisation of a coastal lagoon fish community,Temperate shelf and seas ecoregions,Temperate,Marine,Fish,13,Jose Eduardo Rebelo,NA,POINT (-773301.6 4571826)
468,A multi-decade time series of kelp forest community structure at San Nicolas Island California.,Temperate shelf and seas ecoregions,Temperate,Marine,Invertebrates,32,"Michael Kenner
",Tim Tinker,POINT (-10959485 3737218)
471,Prescribed Burn Effect on Chihuahuan Desert Grasses and Shrubs at the Sevilleta National Wildlife Refuge,Deserts and xeric shrublands,Temperate,Terrestrial,Plants,10,Esteban Muldavin,Scott Collins,POINT (-9763170 3861678)
473,Fourteen years of mapped permanent quadrats in a northern mixed prairie,"Temperate grasslands, savannas and shrublands",Temperate,Terrestrial,Plants,14,Peter Adler,NA,POINT (-9163556 5197738)
475,Structure and dynamics of a passerine bird community in a spruce-dominated boreal forest,Boreal forests/taiga,Temperate,Terrestrial,Birds,13,Olav Hogstad,NA,POINT (810404 6999768)
476,Bromeliad invertebrate counts at different elevations in the Luquillo Experimental Forest,Tropical and subtropical moist broadleaf forests,Tropical,Terrestrial,Invertebrates,5,Barbara A. Richardson,NA,POINT (-6271037 2052615)
477,Epifaunal invertebrate survey from Goodwin Islands York River Estuary Chesapeake Bay,Temperate shelf and seas ecoregions,Temperate,Marine,Invertebrates,15,Jon S. Lefcheck,J. Emmett Duffy,POINT (-6902456 4184787)
478,Long term study of the stream ecosystems in the Breitenbach,Small river ecosystems,Temperate,Freshwater,Invertebrates,37,Diana Bowler,NA,POINT (813569.1 5672649)
480,ITEX Dataset 2 - Wolfcreek,Boreal forests/taiga,Temperate,Terrestrial,Plants,11,Jill Johnstone,NA,POINT (-10585507 6813475)
481,ITEX Dataset 3 - Bylot (Mesprairie and Mespolygon),Tundra,Polar,Terrestrial,Plants,8,Esther Levesque,NA,POINT (-5652998 7930610)
482,"ITEX Qikiqtarukâ€“Herschel Island, Herschel and Komakuk vegetation plots",Tundra,Polar,Terrestrial,Plants,19,Isla Myers-Smith,NA,POINT (10160845 7598704)
483,ITEX Dataset 5 - Teberda (Malaya Alpine-Snowbed and Geranium Hedysarum Meadow),Temperate broadleaf and mixed forests,Temperate,Terrestrial,Plants,24,Vladimir G. Onipchenko,Asem A. Akhmetzhanova,POINT (3642824 4860856)
486,ITEX Dataset 8 - Valbercla (Alpine),Temperate coniferous forest,Temperate,Terrestrial,Plants,16,Christian Rixen,NA,POINT (829400.2 5215243)
489,ITEX Dataset 11 - Finse (Ridge),Tundra,Temperate,Terrestrial,Plants,9,Kari Klanderud,NA,POINT (578729.1 6692722)
490,ITEX Dataset 12 - Finse (Slope),Tundra,Temperate,Terrestrial,Plants,4,Kari Klanderud,NA,POINT (578729.1 6692722)
491,"ITEX Dataset 13 - Toolik (Dry, Moist)",Tundra,Polar,Terrestrial,Plants,15,Willam A. Gould,NA,POINT (-11043178 7507490)
492,"ITEX Dataset 14 - Toolik (LTER Heath, LTER Moist acidic tussock, LTER non-acidic tussock, LTER wet sedge, SAG wet sedge2, Tussock 1981 plots)",Tundra,Polar,Terrestrial,Plants,25,Gauis R. Shaver,NA,POINT (-11039870 7508396)
493,"ITEX Dataset 15 - Sadvent (MES-cover, MES-photo, wet-cover, wet-photo)",Tundra,Polar,Terrestrial,Plants,6,Elisabeth J. Cooper,NA,POINT (1067062 8371312)
494,"ITEX Dataset 16 - Finse (Nfinse, Ridge cover)",Tundra,Temperate,Terrestrial,Plants,12,Kari Klanderud,NA,POINT (586076.8 6705199)
497,"ITEX Dataset 19 - Teberda (Festuca Varia Grassland, Malaya Alpine Lichen-Heath)",Temperate broadleaf and mixed forests,Temperate,Terrestrial,Plants,29,Vladimir G. Onipchenko,Asem A. Akhmetzhanova,POINT (3643703 4860856)
498,"ITEX Dataset 20 - Torngats (Nakvakdry, Nakvakwet)",Tundra,Temperate,Terrestrial,Plants,4,Luise Hermanutz,Laura Siegwart Collier,POINT (-5076061 6515259)
502,"Long-term tree demography in old-growth forests of Huron Mts, MI from permanent-plot censuses, 1962-2009",Temperate broadleaf and mixed forests,Temperate,Terrestrial,Plants,48,Kerry D. Woods,NA,POINT (-7599359 5264053)
503,Coral data from Lizard Island,Tropical coral,Tropical,Marine,Invertebrates,2,Joshua S. Madin,Mia Hoogenboom,POINT (13940518 -1647964)
504,Red Sea artificial reefs,Temperate shelf and seas ecoregions,Temperate,Marine,Fish,5,Jonathan Belmaker,NA,POINT (3245280 3318561)
508,"ITEX Dataset 21 - Sadvent (MES-Pointframe, Wet-Pointframe)",Tundra,Polar,Terrestrial,Plants,3,Elisabeth J. Cooper,NA,POINT (1075298 8363811)
510,Butterfly fauna in Mount Gariwang-san Korea,Temperate broadleaf and mixed forests,Temperate,Terrestrial,Invertebrates,29,Cheolmin Lee,NA,POINT (11602298 4211632)
511,Demersal fish hauls from Guanabara Bay Brazil 2005-2015,Tropical seas,Tropical,Marine,Fish,11,Gabriel Barros GonÃ§alves de Souza,Marcelo Vianna,POINT (-4075480 -2561614)
515,Assemblage-level responses of phyllostomid bats to tropical forest fragmentation,Tropical and subtropical moist broadleaf forests,Tropical,Terrestrial,Mammals,3,Christoph Meyer,NA,POINT (-7702909 1028339)
516,A large-scale fragmentation experiment for Neotropical bats,Tropical and subtropical moist broadleaf forests,Tropical,Terrestrial,Mammals,17,Ricardo Rocha,Adria Lopez-Baucells,POINT (-5799663 -267278.2)
550,Long-term Mollusc Population Abundance and Size Data from the Georgia Coastal Ecosystems LTER 0.25sqm quadrat,Temperate shelf and seas ecoregions,Temperate,Marine,Invertebrates,21,GCE-LTER Information Manager,Merryl Alber,POINT (-7504480 3533648)
551,Long-term Mollusc Population Abundance and Size Data from the Georgia Coastal Ecosystems LTER 0.5sqm quadrat,Temperate shelf and seas ecoregions,Temperate,Marine,Invertebrates,21,GCE-LTER Information Manager,Merryl Alber,POINT (-7504726 3532770)
552,UHURU experiment: tree census detailed 2009-2019,"Tropical and subtropical grasslands, savannas and shrublands",Tropical,Terrestrial,Plants,11,Jacob Goheen,NA,POINT (3571772 43581.7)
553,UHURU experiment: understory of large quadrats 2008-2019,"Tropical and subtropical grasslands, savannas and shrublands",Tropical,Terrestrial,Plants,12,Jacob Goheen,NA,POINT (3571772 43581.7)
555,"Zooplankton abundance in the Upper San Francisco Estuary from 1972-2021, ver 4: 20mm survey, mesoplankton.",Small river ecosystems,Temperate,Freshwater,Invertebrates,26,Samuel M Bashevkin,NA,POINT (-10975574 4284407)
563,"Zooplankton abundance in the Upper San Francisco Estuary from 1972-2021, ver 4: Fish Restoration Program, macroplankton.",Small river ecosystems,Temperate,Freshwater,Invertebrates,3,Samuel M Bashevkin,NA,POINT (-10961079 4290854)
564,"Zooplankton abundance in the Upper San Francisco Estuary from 1972-2021, version 4: Fish Restoration Program, mesoplankton",Small river ecosystems,Temperate,Freshwater,Invertebrates,3,Samuel M Bashevkin,NA,POINT (-10962995 4287011)
569,Cover and density of southwestern ponderosa pine understory plants in permanent chart quadrats (2002â€“2020),Temperate coniferous forest,Temperate,Terrestrial,Plants,21,Margaret M. Moore,NA,POINT (-10173872 3961601)
573,"eLTER Benthic invertebrates at three sites at River Salaca, Latviaâ€” Skanais Mazsalaca",Large river ecosystems,Temperate,Freshwater,Invertebrates,21,Agnija Skuja,Davis Ozolins,POINT (1771695 6436131)
574,"eLTER Benthic invertebrates at three sites at River Salaca, Latviaâ€” Vecate",Large river ecosystems,Temperate,Freshwater,Invertebrates,48,Agnija Skuja,Davis Ozolins,POINT (1784919 6427942)
575,"eLTER Benthic invertebrates at three sites at River Salaca, Latviaâ€” Vecsalaca",Large river ecosystems,Temperate,Freshwater,Invertebrates,33,Agnija Skuja,Davis Ozolins,POINT (1725922 6423590)
576,"Long-term Plant Biomass Monitoring Data from Altamaha River Plant Transition Sites near the Georgia Coastal Ecosystems LTER Project on Sapelo Island, Georgia","Tropical and subtropical grasslands, savannas and shrublands",Temperate/Tropical,Freshwater,Plants,10,Dr. Steven C. Pennings,NA,POINT (2012116 -8627830)
577,Phytoplankton species abundance in Lake Inba (Japan) from 1986 to 2016,Small lake ecosystems,Temperate,Freshwater,Plants,31,Maiko Kagami,Akemi Iwayama,POINT (12739785 4020629)
579,War-in-the-Pacific National Historical Park marine biological survey,Tropical coral,Tropical,Marine,Fish,26,Kathy Dratch,Kelly Kozar,POINT (13889100 1502134)
580,"Vegetation Data, Buxton Climate Change Experiment, UK, 1994-2009","Temperate grasslands, savannas and shrublands",Temperate,Terrestrial,Plants,16,Dr Jason Fridley,NA,POINT (-159547.2 5949692)
581,Structure and dynamics of a mountain riparian forest at an upstream valley in central Japan,Temperate broadleaf and mixed forests,Temperate,Terrestrial,Plants,7,Tomohiro Yoshida,NA,POINT (12631381 4107392)
582,Long term data from the Hanko Bird Observatory,"Tropical and subtropical grasslands, savannas and shrublands",Temperate,Terrestrial,Birds,41,Kari Soilevaara,Jari Laitasalo,POINT (1818136 6636256)
583,Long term monitoring of the rocky intertidal on Wizard Island in Barkley Sound,Temperate shelf and seas ecoregions,Temperate,Marine,Plants,13,Luke Andersson,NA,POINT (-10688612 5476074)
584,Long term monitoring of the rocky intertidal on Wizard Island in Barkley Sound,Temperate shelf and seas ecoregions,Temperate,Marine,Invertebrates,9,Luke Andersson,NA,POINT (-10688612 5476074)
585,Grasshopper species abundances in the Patch-Burn Grazing experiment at Konza Prairie,Flooded grasslands and savannas,Temperate,Terrestrial,Invertebrates,8,Dr Anthony Joern,NA,POINT (-8659031 4394715)
586,"Arthropod sweepnet sampling: Interactive Effects of Deer, Fire and Nitrogen. Cedar Creek.","Temperate grasslands, savannas and shrublands",Temperate,Terrestrial,Invertebrates,4,Johannes Knops,Mark Ritchie,POINT (-8110233 5098163)
587,"Small Mammal Abundance: Interactive Effects of Deer, Fire and Nitrogen. Cedar Creek.","Temperate grasslands, savannas and shrublands",Temperate,Terrestrial,Mammals,3,Johannes Knops,Mark Ritchie,POINT (-8110233 5098163)
588,"Insect Population Dynamics on the Main Cropping System Experiment at the Kellogg Biological Station, Hickory Corners, MI  (1989 to 2017)","Temperate grasslands, savannas and shrublands",Temperate,Terrestrial,Invertebrates,29,Douglas Landis,Data Manager Kellogg Biological Station,POINT (-7542620 4764748)
589,"Santa Barbara Coastal LTER: Reef: Annual time series of biomass for kelp forest species, ongoing since 2000",Temperate shelf and seas ecoregions,Temperate,Marine,Invertebrates,24,"Information Manager, Santa Barbara Coastal LTER",NA,POINT (-10952006 3856699)
590,Long-term population trends in three grassland insect groups: a comparative analysis of 1951 and 2009,"Temperate grasslands, savannas and shrublands",Temperate,Terrestrial,Invertebrates,59,Sebastian Schuch,NA,POINT (808402.3 5852451)
591,"Chagos Archipelago UVC fish surveys around rat-infested/rat-free islands, pre-/post- 2015 bleaching event",Tropical coral,Tropical,Marine,Fish,5,Casey Benkwitt,"Nick Graham, Shaun Wilson",POINT (6939050 -634024.7)
592,"Changes in the avifauna in a high Andean cloud forest
in Colombia over a 24-year period - Mist Net Captures",Tropical and subtropical moist broadleaf forests,Tropical,Terrestrial,Birds,25,Loreta Rosselli,F. Gary Stiles,POINT (-7142772 523085.4)
593,Christmas Bird Count - Bogota (1989-2015),Tropical and subtropical moist broadleaf forests,Tropical,Terrestrial,Birds,26,Loreta Rosselli,"F. Gary Stiles, Sussy De La Zerda",POINT (-7163081 536253.8)
594,Native and non-native freshwater fish communities surrounding aquarium trade fish farms in Brazil - a decadal comparison,Small river ecosystems,Tropical,Freshwater,Fish,13,Andre L. B. Magalhaes,NA,POINT (-4014694 -2351677)
598,"Desert Ecology Plot Network: Mammal Abundance Pit Traps, Simpson Desert, Western Queensland, 1990-2018",Deserts and xeric shrublands,Tropical,Terrestrial,Mammals,29,Glenda Wardle,"Chris Dickman, Aaron Greenville, Bobby Tamayo",POINT (13033353 -2649354)
599,"Desert Ecology Plot Network: Herpetofauna Abundance Pit Traps, Simpson Desert, Western Queensland, 1990-2018",Deserts and xeric shrublands,Tropical,Terrestrial,Multiple,29,Glenda Wardle,"Chris Dickman, Aaron Greenville, Bobby Tamayo",POINT (13033353 -2649354)
600,"Bulgaria Wintering Waterbirds, Aleksandar Stamboliyski Reservoir",Small lake ecosystems,Temperate,Freshwater,Birds,37,Vesela Evtimova,"Boris Nikolov, Radoslav Stanchev",POINT (2207689 4840597)
602,"Bulgaria Wintering Waterbirds, Lake Complexes",Small lake ecosystems,Temperate,Freshwater,Birds,42,Vesela Evtimova,"Boris Nikolov, Radoslav Stanchev",POINT (2441127 4765977)
603,Bulgaria Wintering Waterbirds Srebarna Lake,Lake ecosystem,Temperate,Freshwater,Birds,41,Vesela Evtimova,"Boris Nikolov, Radoslav Stanchev",POINT (2371980 4953785)
606,Ants and Ecosystem Function in Hemlock Removal Experiment at Harvard Forest 2006-2014,Temperate broadleaf and mixed forests,Temperate,Terrestrial,Invertebrates,9,Harvard Forest Information Manager,NA,POINT (-6377158 4772207)
607,Ground vegetation data ICP Forests Level II plot Brasschaat,Temperate coniferous forest,Temperate,Terrestrial,Plants,22,Arne Verstraten,Wouter Van Landuyt,POINT (380408.3 5741494)
608,Ground vegetation data ICP Forests Level II plot Gontrode,Temperate broadleaf and mixed forests,Temperate,Terrestrial,Plants,22,Arne Verstraten,Wouter Van Landuyt,POINT (320855.3 5705659)
609,Ground vegetation data ICP Forests Level II plot Sonian forest,Temperate broadleaf and mixed forests,Temperate,Terrestrial,Plants,22,Arne Verstraten,Wouter Van Landuyt,POINT (372714.4 5680892)
610,ILTER Ebro Delta Bird Census,Large river delta ecosystems,Temperate,Terrestrial,Birds,57,Daniel Oro,NA,POINT (58284.7 4560070)
611,"Longâ€term observation of fish community in streams inside and outside road construction of Teshio River system, northern Hokkaido, Japan",Small river ecosystems,Temperate,Freshwater,Fish,20,Masahiro Nakamura,Yoshiyuki Umatani,POINT (12413040 5027258)
612,"Long-term (2005â€“2017) macromoth community monitoring at Mt. Jirisan National Park, South Korea",Temperate broadleaf and mixed forests,Temperate,Terrestrial,Invertebrates,13,Sei-Woong Choi,NA,POINT (11610664 3972042)
613,"Diversity decrease of ant (Formicidae, Hymenoptera) after a forest disturbance: different responses among functional guilds",Temperate broadleaf and mixed forests,Temperate,Terrestrial,Invertebrates,3,Cheol Min Lee,Tae-Sung Kwon,POINT (11472378 4209274)
614,LTER National Park Hoge Kempen Arachnids,"Temperate grasslands, savannas and shrublands",Temperate,Terrestrial,Invertebrates,28,Natalie Beenaerts,Luc Creveceour,POINT (474602 5700867)
615,LTER National Park Hoge Kempen Beetles,"Temperate grasslands, savannas and shrublands",Temperate,Terrestrial,Invertebrates,34,Natalie Beenaerts,Luc Creveceour,POINT (0 0)
616,"LTER Hunsruck-Hochwald Benthic Aquatic Invertebrates, Borfink station",Small river ecosystems,Temperate,Freshwater,Invertebrates,21,Stefan Stoll,Fulgor Westermann,POINT (602735.2 5567548)
617,"LTER Hunsruck-Hochwald Benthic Aquatic Invertebrates, Mundung station",Small river ecosystems,Temperate,Freshwater,Invertebrates,21,Stefan Stoll,Fulgor Westermann,POINT (602328.4 5563519)
618,"LTER Hunsruck-Hochwald Benthic Aquatic Invertebrates, Oberlauf station",Small river ecosystems,Temperate,Freshwater,Invertebrates,20,Stefan Stoll,Fulgor Westermann,POINT (603448.5 5568257)
619,LTER ICP Lange Bramke Ground Vegetation,Temperate coniferous forest,Temperate,Terrestrial,Plants,28,Henning Meesenburg,NA,POINT (873540.1 5800587)
620,LTER ICP Solling Germany Beech Forest Ground Vegetation,Temperate broadleaf and mixed forests,Temperate,Terrestrial,Plants,28,Henning Meesenburg,NA,POINT (803872 5790308)
621,LTER ICP Solling Germany Spruce Forest Vegetation,Temperate broadleaf and mixed forests,Temperate,Terrestrial,Plants,28,Henning Meesenburg,NA,POINT (803995.1 5790667)
622,LTER INBO Lower Seascheldt Invertebrates 1999-2005,Small river ecosystems,Temperate,Freshwater,Invertebrates,7,Gunther Van Ryckegem,NA,POINT (361745.1 5740113)
623,LTER INBO Lower Seascheldt Invertebrates 1999-2005,Small river ecosystems,Temperate,Freshwater,Invertebrates,8,Gunther Van Ryckegem,NA,POINT (363282.4 5738772)
624,LTER INBO Lower Seascheldt Waterbirds 1991-2017,Small river ecosystems,Temperate,Freshwater,Birds,27,Gunther Van Ryckegem,NA,POINT (360669.4 5740674)
625,LTER Lake Muggelsee Germany Phytoplankton,Small lake ecosystems,Temperate,Freshwater,Invertebrates,21,Rita Adrian,NA,POINT (1140751 5863122)
626,LTER Lake Muggelsee Germany Zooplankton,Small lake ecosystems,Temperate,Freshwater,Invertebrates,21,Rita Adrian,0,POINT (1140751 5863122)
627,"LTER Norholm Hede, Denmark Plants","Temperate grasslands, savannas and shrublands",Temperate,Terrestrial,Plants,91,Inger Kappel Schmidt,NA,POINT (703875.5 6207044)
628,LTER Rhine-Main Observatory Aquatic Invertebrates,Small river ecosystems,Temperate,Freshwater,Invertebrates,16,Peter Haase,NA,POINT (786858 5614075)
631,"NIES Fish monitoring data in Lake Kasumigaura, 2005-2021",Large lake ecosystems,Temperate,Freshwater,Fish,17,Shin-ichiro S. Matsuzaki,Kumiko Totsu,POINT (12743526 4045897)
632,"Point-count bird censusing: long-term monitoring of bird abundance and diversity along the Salt River in the greater Phoenix metropolitan area, ongoing since 2013",Small river ecosystems,Temperate,Terrestrial,Birds,6,Heather Bateman,Paige Warren,POINT (-10267898 3761383)
636,"North Temperate Lakes LTER Core Data Phytoplankton, Paul Lake, 1984-1995",Small lake ecosystems,Temperate,Freshwater,Invertebrates,12,Stephen Carpenter,Mike Pace,POINT (-7754783 5190533)
637,"North Temperate Lakes LTER Core Data Phytoplankton, Paul Lake, 2013-2015",Small lake ecosystems,Temperate,Freshwater,Invertebrates,3,Stephen Carpenter,Mike Pace,POINT (-7754783 5190533)
638,Cascade Project at North Temperate Lakes LTER Core Data Zooplankton 1984 - 2016,Small lake ecosystems,Temperate,Freshwater,Invertebrates,33,Stephen Carpenter,Mike Pace,POINT (-7754783 5190533)
639,"Operation Wallacea marine site in Hoga, Indonesia - Wakatobi National Park",Tropical coral,Tropical,Marine,Fish,11,Dan Exton,NA,POINT (11963492 -611834.5)
641,Regional Watershed Monitoring Program Fish Community Data (2018-2021),Small river ecosystems,Temperate,Freshwater,Fish,4,Jan Moryk,NA,POINT (0 0)
642,"Regional Watershed Monitoring Program Benthic Macroinvertebrate Data, 2013-2021",Small lake ecosystems,Temperate,Freshwater,Invertebrates,8,Jessica Fang,Ryan Scott,POINT (-6972810 4923579)
643,Back into the past: Resurveying random plots to track community changes in Italian coastal dunes.,"Mediterranean forests, woodlands and scrubs",Temperate,Terrestrial,Plants,14,Marta Sperandii,NA,POINT (1098072 4678734)
644,TRCA Waterfront Fish Data 2000 - 2018,Large lake ecosystems,Temperate,Freshwater,Fish,19,general,Angela Wallace,POINT (-6959580 4908376)
646,Cross-Scale Interactions and the Distribution-Abundance Relationship,Temperate broadleaf and mixed forests,Temperate,Terrestrial,Amphibians,15,Earl Werner,NA,POINT (-7419551 4770161)
647,Heatwave restructures marine intertidal communities across a stress gradient,Temperate shelf and seas ecoregions,Temperate,Marine,Invertebrates,12,Matthew Whalen,NA,POINT (-10760734 5779035)
650,Bees and their floral visits in Sapporo in 1979 and 1989,"Temperate grasslands, savannas and shrublands",Temperate,Terrestrial,Invertebrates,11,Takeshi Matsumura,Hisatomo Taki,POINT (12444820 4839193)
651,"More coral, more fish? Contrasting snapshots from a remote Pacific atoll",Tropical coral,Tropical,Marine,Fish,29,Ricardo Beldade,NA,POINT (14238566 1670447)
655,"Quadrat-based monitoring of desert grassland vegetation at the Jornada Experimental Range, New Mexico, 1915â€“2016","Tropical and subtropical grasslands, savannas and shrublands",Temperate,Terrestrial,Plants,102,Erica Christensen,Jornada Data Manager,POINT (9810550 3666331)
656,Long-term zooplankton community records Lake Suwa (1996-2017),Large lake ecosystems,Temperate,Freshwater,Invertebrates,22,Masaki Sakamoto,Yuichi Miyabara,POINT (12534782 4051164)
657,"Flora at LTSER Zone Atelier Armorique - France, 1994-2017 [Data set]","Temperate grasslands, savannas and shrublands",Temperate,Terrestrial,Plants,24,Audrey Alignier,Yuichi Miyabara,POINT (130855.4 5447916)
658,"Herpethofauna from Aguas Santa Barbara, 2016-2020","Tropical and subtropical grasslands, savannas and shrublands",Tropical,Terrestrial,Multiple,5,Marcio Martins,"Filipe C. Serrano, Bruno F. Fiorillo",POINT (-4650620 -2559787)
659,Ainsdale Dune Slacks LTE,Flooded grasslands and savannas,Temperate,Terrestrial,Plants,37,Jonathan Millett,"Ciara Dwyer, Sally Edmonson",POINT (-254617.7 5986298)
660,Alcatrazes_monitoring_program,Tropical coral,Tropical,Marine,Fish,10,Juan Pablo Quimbayo,NA,POINT (-4303580 -2705830)
661,"Fishes inhabiting tidepools in the Tablado Beach, Amazonian Coastal Zone, during the Wet Season",Multiple,Tropical,Marine,Fish,4,Bruno Eleres Soares,Luciano Fogaca de Assis Montag,POINT (-4607494 -66107.71)
662,NA,"Tropical and subtropical grasslands, savannas and shrublands",Tropical,Terrestrial,Plants,2,Cassy Anne Rodrigues,Alessandra Fidelis,POINT (-4588777 -1533572)
663,Dynamic and diverse amphibian assemblages: Can we differentiate natural processes from human induced changes?,"Tropical and subtropical grasslands, savannas and shrublands",Tropical,Freshwater,Amphibians,19,Nathalia G. S. Lima,Paula C. Eterovick,POINT (-4144400 -2162255)
664,Coastal batoid surveys in the Levant,Temperate shelf and seas ecoregions,Temperate,Marine,Fish,7,Shahar Chaikin,NA,POINT (3206737 3643845)
665,Birds from Carlos Botelho Park,Tropical and subtropical moist broadleaf forests,Temperate/Tropical,Terrestrial,Birds,2,Alexsander Zamorano Antunes,NA,POINT (-4519080 -2713585)
666,Dung beetles from Santa Catarina Island,Tropical and subtropical moist broadleaf forests,Tropical,Terrestrial,Invertebrates,4,Malva Isabel Medina Hernandez,NA,POINT (-4527257 -3104504)
667,Fish assemblage distribution along free-flowing rivers entering a reservoir cascade,Large river ecosystems,Tropical,Freshwater,Fish,3,Paulo S.Pompeu,NA,POINT (-4211991 -2407719)
668,Insectivorous bats responses to land-use change and wildfires in Madeira island.,Tropical and subtropical moist broadleaf forests,Temperate/Tropical,Terrestrial,Mammals,6,Diogo F. Ferreira,Rym Nouioua,POINT (-1564586 3676777)
669,Phytoplankton Lake Bidighinzu,Small lake ecosystems,Temperate,Freshwater,Invertebrates,28,Bachisio Mario Padedda,Antonella Luglie,POINT (771646.2 4558442)
672,Operation Wallacea: Dominica birds,Tropical and subtropical moist broadleaf forests,Tropical,Terrestrial,Birds,3,Andrew Fairbairn,Thomas E. Martin,POINT (-5867668 1723467)
673,Operation Wallacea: Ecuador Amphibians,Tropical and subtropical moist broadleaf forests,Tropical,Terrestrial,Amphibians,3,Oliver Thomas,Thomas E. Martin,POINT (-7387519 -49349.08)
674,Operation Wallacea: Ecuador Reptiles,Tropical and subtropical moist broadleaf forests,Tropical,Terrestrial,Reptiles,3,Oliver Thomas,Thomas E. Martin,POINT (-7387519 -49349.08)
675,Operation Wallacea: Honduras Bats,Tropical and subtropical moist broadleaf forests,Tropical,Terrestrial,Mammals,14,Pamela Medina-van Berkum,Merlijn Jocque,POINT (-8448112 1739941)
676,Operation Wallacea: Honduras Birds,Tropical and subtropical moist broadleaf forests,Tropical,Terrestrial,Birds,14,Samuel E.I. Jones,Thomas Edward Martin,POINT (-6648297 4550234)
677,Operation Wallacea: Madagascan Amphibians,Tropical and subtropical dry broadleaf forests,Tropical,Terrestrial,Amphibians,7,Peter R. Long,Thomas E. Martin,POINT (4468930 -1735913)
678,Operation Wallacea: Madagascan Reptiles,Tropical and subtropical dry broadleaf forests,Tropical,Terrestrial,Reptiles,8,Peter R. Long,Joseph P. Wayman,POINT (4469543 -1735973)
679,Operation Wallacea: Mexico Amphibians,Tropical and subtropical moist broadleaf forests,Temperate/Tropical,Terrestrial,Amphibians,5,Kathy Slater,Jose Antonio L. Barao-Nobrega,POINT (-8530681 2060879)
680,Operation Wallacea: Mexico Butterflies,Tropical and subtropical moist broadleaf forests,Temperate/Tropical,Terrestrial,Invertebrates,2,Kathy Slater,Jose Antonio L. Barao-Nobrega,POINT (-8546550 2061698)
681,Operation Wallacea: Mexico Large Mammal Transects,Tropical and subtropical moist broadleaf forests,Temperate/Tropical,Terrestrial,Mammals,5,Kathy Slater,Jose Antonio L. Barao-Nobrega,POINT (-8530681 2060879)
682,Operation Wallacea: Romania Birds Point Count,Temperate broadleaf and mixed forests,Temperate,Terrestrial,Birds,6,Joseph J. Bailey,Thomas E. Martin,POINT (2152663 5173982)
683,Operation Wallacea: Romanian Butterflies,Temperate broadleaf and mixed forests,Temperate,Terrestrial,Invertebrates,6,Joseph J. Bailey,Thomas E. Martin,POINT (2153085 5173755)
684,Ornamental aquaculture in streams,Tropical and subtropical moist broadleaf forests,Tropical,Freshwater,Fish,13,Andre L. B. Magalhaes,"Jean Ricardo Simoes Vitule, Vanessa Daga",POINT (-4014694 -2351677)
685,Plant succession in reclaimed areas,"Temperate grasslands, savannas and shrublands",Temperate,Terrestrial,Plants,6,Petr Pysek,NA,POINT (4835260 1498632)
686,Reef fish in the Israeli Gulf of Aqaba,Tropical coral,Temperate/Tropical,Marine,Fish,8,Tal Gavriel,"Assaf Zvuloni, Jonathan Belmaker",POINT (3241292 3315783)
687,"Fishes inhabiting tidepools in the Tablado Beach, Amazonian Coastal Zone, during the Wet Season",Small lake ecosystems,Tropical,Freshwater,Fish,4,Bruno Eleres Soares,Erica Caramaschi,POINT (-5429472 -202494.4)
694,"SBC LTER: Beach: Time series of abundance of birds on selected beaches, ongoing since 2008",Temperate shelf and seas ecoregions,Temperate,Terrestrial,Birds,12,Jenifer E Dugan,NA,POINT (-10941398 3867310)
695,"Changes in the reef-coral community of Carysfort reef, Key Largo, Florida: 1974 to 1982",Temperate shelf and seas ecoregions,Temperate,Marine,Invertebrates,9,Phillip Dustan,NA,POINT (-7533749 2831627)
699,"Signals of resilience and change in tidepool fish communities on the Pacific coast of Vancouver Island, Canada",Temperate shelf and seas ecoregions,Temperate,Marine,Fish,51,Amanda E. Bates,John M. Green,POINT (-10692523 5462929)
703,"GOB Winter count of waterfowl, waders and seagulls in the Balearic Islands, 1998-2021",Small lake ecosystems,Temperate,Freshwater,Birds,24,Patrick Moussa,GOB-Mallorca,POINT (277104.8 4473886)
704,"Changes in breeding bird populations of an oak-wood on Bookham Common, Surrey, over twenty-seven years",Temperate broadleaf and mixed forests,Temperate,Terrestrial,Birds,27,Geoffrey Beven,NA,POINT (-32237.5 5740119)
705,Estudio de seguimiento de las reservas marinas de Cabo de Palos - Islas Hormigas y Cabo TiÃ±oso,Temperate shelf and seas ecoregions,Temperate,Marine,Fish,23,J.A. Garcia Charton,NA,POINT (-60434.19 4232856)
706,Long-term dynamics of Mediterranean frugivorous birds and fleshy fruits: a 12-year study,"Mediterranean forests, woodlands and scrubs",Temperate,Terrestrial,Birds,13,Carlos M. Herrera,NA,POINT (-258569.2 4265411)
707,Population trends of Laridae and Sternidae breeding in the Comacchio Laggon (NE Italy) between 1977 and 2001,Small lake ecosystems,Temperate,Marine,Birds,25,Pierandrea Brichetti,NA,POINT (1064355 5009411)
708,Terrestrial reptile counts in DoÃ±ana 2005-2021,"Temperate grasslands, savannas and shrublands",Temperate,Terrestrial,Reptiles,17,Ana C. Andreu,Rosa Arribas,POINT (-578787.8 4159844)
710,Cens Internacional d'ocells aquÃ tics i marins hivernants a Catalunya de gener de 2021,Large river delta ecosystems,Temperate,Marine,Birds,37,Ricard Gutierrez,NA,POINT (62323.51 4574526)
711,"The composition and dynamics of the passerine bird community in a subalpine birch forest, Swedish Lapland. A 20-year study",Boreal forests / taiga,Polar/Temperate,Terrestrial,Birds,20,NA,NA,POINT (1212562 7252121)
712,Long-term decline of a winter-resident bird community in Puerto Rico,Tropical and subtropical dry broadleaf forests,Tropical,Terrestrial,Birds,22,Jon Faaborg,NA,POINT (-6375712 2015500)
713,Temporal dynamics of marginal steppic vegetation over a 26-year period of substantial environmental change,"Temperate grasslands, savannas and shrublands",Temperate,Terrestrial,Plants,26,Silvia Matesanz,NA,POINT (994252.9 5771161)
714,Long-term dynamics of small-mammal populations in Ontario,Temperate broadleaf and mixed forests,Temperate,Terrestrial,Mammals,44,John M. Fryxell,NA,POINT (-6827176 5118067)
715,"Interspecific interactions, population variation, and environmental forcing in the context of the community","Temperate grasslands, savannas and shrublands",Temperate,Terrestrial,Birds,28,Elizabeth L. Porzig,NA,POINT (-11058115 4264289)
716,"Waterfowl counts in Pasvik nature reserve, 1996-2020",Large river ecosystems,Polar,Freshwater,Birds,25,Morten Gunther,Tor-Arne Bjorn,POINT (2148684 7557948)
717,Long-term woodpecker winter population dynamics in the Tatarstan Republic,Temperate broadleaf and mixed forests,Temperate,Terrestrial,Birds,25,Arthur Askeyev,Oleg Askeyev,POINT (4174511 6170199)
718,"Nest population size and potential production of geese and spectacled eiders on the Yukon-Kuskokwim Delta, Alaska, 1985-2013",Large river delta ecosystems,Polar,Marine,Birds,29,Julian B. Fischer,NA,POINT (-12984257 6767935)
719,"Nest population size and potential production of geese and spectacled eiders on the Yukon-Kuskokwim Delta, Alaska, 1985-2013",Large river delta ecosystems,Polar,Marine,Birds,26,Julian B. Fischer,NA,POINT (-12984257 6767935)
720,BioBasis Zackenberg - Breeding birds abundance,Polar ecoregions,Polar,Terrestrial,Birds,25,Niels Martin Schmidt,Jannik Hansen,POINT (-1435229 8049311)
721,CERN Long-term Monitoring Dataset of Plant Communities in Dongting Lake Beach (2011-2015),Large lake ecosystems,Temperate/Tropical,Freshwater,Plants,5,Xie Yonghong,NA,POINT (10486138 3298677)
722,"CERN Gansu Linze desert plant communities, 2005-2008â€” soil macrofauna",Deserts and xeric shrublands,Temperate,Terrestrial,Plants,4,NA,NA,POINT (8964471 4430722)
723,"CERN Gansu Linze desert plant communities, 2005-2008â€” station monitoring",Deserts and xeric shrublands,Temperate,Terrestrial,Plants,3,NA,NA,POINT (8961086 4426087)
724,CERN Gansu Linze desert plant communities 2005-2008â€” auxiliary monitoring,Deserts and xeric shrublands,Temperate,Terrestrial,Plants,3,NA,NA,POINT (8964385 4429073)
725,CERN A dynamic dataset of plant community composition in HulunBuir Stipa Baicalensis meadow steppe (2009â€“2015),"Temperate grasslands, savannas and shrublands",Temperate,Terrestrial,Plants,7,XIN Xiaoping,NA,POINT (10228942 5529711)
726,CERN Biomass data of Huitong Chinese fir forest Station from 1973 to 2007,Temperate broadleaf and mixed forests,Temperate,Terrestrial,Plants,7,NA,NA,POINT (10264389 3013957)
727,"CERN A plant community dataset of marsh ecosystem for Sanjiang Plain, China 2013 â€“ 2015",Flooded grasslands and savannas,Temperate,Freshwater,Plants,3,TAN Wenwen,ZHAO Zhichun,POINT (11483156 5337098)
728,"CERN A plant community dataset of marsh ecosystem for Sanjiang Plain, China 2000 â€“ 2012",Flooded grasslands and savannas,Temperate,Freshwater,Plants,13,TAN Wenwen,ZHAO Zhichun,POINT (11483156 5337098)
729,"CERN Observational data of plant community species composition of QinLing Station in Shanxi province, 2007-2008",Temperate broadleaf and mixed forests,Temperate,Terrestrial,Plants,2,NA,NA,POINT (9938529 3758709)
730,"CERN Zhejiang Tiantong soil macrofauna community, 2007-2009",Tropical and subtropical moist broadleaf forests,Temperate/Tropical,Terrestrial,Invertebrates,2,Fangfang Yao,Xihua Wang,POINT (11293739 3349555)
735,"CERN Guangdong Dinghu Mountain soil macrofauna community, 2004 to 2005",Temperate broadleaf and mixed forests,Temperate/Tropical,Terrestrial,Invertebrates,2,Qianmei Zhang,NA,POINT (10621924 2600857)
736,CERN Guangdong Dinghu Mountain plant community composition from 2003 to 2008 - herbs,Temperate broadleaf and mixed forests,Temperate/Tropical,Terrestrial,Plants,2,Qianmei Zhang,NA,POINT (10621924 2600857)
737,CERN Guangdong Dinghu Mountain plant community composition from 2003 to 2008 - shrub,Temperate broadleaf and mixed forests,Temperate/Tropical,Terrestrial,Plants,7,Qianmei Zhang,NA,POINT (10621924 2600857)
738,"CERN Guangdong Heshan soil macrofauna community, 1994-2005",Temperate broadleaf and mixed forests,Temperate/Tropical,Terrestrial,Invertebrates,12,Raoxing Quan,NA,POINT (10666844 2545637)
739,"CERN Inner Mongolia Xilingol plant assemblage monitoring, 2005-2008","Temperate grasslands, savannas and shrublands",Temperate,Terrestrial,Plants,4,"Xingguo Han, Yongfei Bai, Qingmin Pan, Nianpeng He",NA,POINT (10244714 4891807)
740,"CERN Ningxia Shapotou desert fauna community, 2003-2008",Deserts and xeric shrublands,Temperate,Terrestrial,Invertebrates,5,"Xinrong Li, Haiyan Zhou, Xinping Wang",NA,POINT (9478619 4211879)
741,"CERN Jiangsu Taihu Lake phytoplankton community composition, 1991-2008",Large lake ecosystems,Temperate/Tropical,Freshwater,Multiple,16,Guangwei Zhu,NA,POINT (11087643 3532584)
742,A dataset of species composition and biomass in successional stages of Tiantong typical evergreen broad-leaved forest (2008â€“2017),Temperate broadleaf and mixed forests,Temperate/Tropical,Terrestrial,Plants,10,Haibo Yang,NA,POINT (11294399 3348730)
743,"Assemblages of herbs in Heshan station in Guangdong Province China, 2005-2007",Temperate broadleaf and mixed forests,Tropical,Terrestrial,Plants,3,Xing-Quang Rao (饶兴权),NA,POINT (10666895 2545723)
744,"Assemblages of shrubs in Heshan station in Guangdong Province China, 2005-2007",Temperate broadleaf and mixed forests,Tropical,Terrestrial,Plants,3,Xing-Quang Rao,NA,POINT (10666895 2545723)
745,"Observational data of  bird community species composition of Sanjiang station in Heilongjiang Province China, 2001-2005",Small lake ecosystems,Temperate,Terrestrial,Birds,6,Sanjiang station in Heilongjiang Province China,NA,POINT (11484701 5336794)
746,"Observational data of  plant community species composition of Sanjiang station in Heilongjiang Province China, 2000-2006",Small lake ecosystems,Temperate,Terrestrial,Plants,7,Sanjiang station in Heilongjiang Province China,NA,POINT (11483087 5337365)
747,"Plant community monitoring data in the Inner Mongolia Hulun Buir research station, 2006-2008","Temperate grasslands, savannas and shrublands",Temperate,Terrestrial,Plants,3,Ruirui Yan (闫瑞瑞),NA,POINT (10210251 5537526)
748,TaiHu lake's zooplankton community composition data of 8 plots from the year 1997 to 2002,Large lake ecosystems,Temperate,Freshwater,Invertebrates,6,Shen Min,NA,POINT (11088371 3532895)
749,Observational data on shrub composition at Gongga Mountain in Sichuan Province of China in the year 1999 and 2005,Temperate broadleaf and mixed forests,Temperate,Terrestrial,Plants,7,Yang Yang (杨阳),NA,POINT (9465170 3323371)
750,Observational data on tree composition at Gongga Mountain in Sichuan Province of China in the year 1999 and 2005,Temperate broadleaf and mixed forests,Temperate,Terrestrial,Plants,7,Yang Yang (杨阳),NA,POINT (9465170 3323371)
751,"Plant compositions in the herbaceous layer of forest communities in Xishuangbanna, Sichuan Province of China from 1999 to 2006",Tropical and subtropical moist broadleaf forests,Tropical,Terrestrial,Plants,6,Yan Luo (罗艳),NA,POINT (9581720 2461735)
752,"Plant compositions in the shrub layer of forest communities in Xishuangbanna, Sichuan Province of China from 2001 to 2006",Tropical and subtropical moist broadleaf forests,Tropical,Terrestrial,Plants,6,Yan Luo (罗艳),NA,POINT (9581720 2461735)
753,"Plant compositions in the tree layer of forest communities in Xishuangbanna, Sichuan Province of China from 1998 to 2006",Tropical and subtropical moist broadleaf forests,Tropical,Terrestrial,Plants,9,Yan Luo (罗艳),NA,POINT (9581720 2461735)
754,Cottonwood Lake Study Area - Invertebrate Counts (ver. 2.0),"Temperate grasslands, savannas and shrublands",Temperate,Freshwater,Invertebrates,30,U.S. Geological Survey - ScienceBase,Northern Prairie Wildlife Research Center,POINT (-8547877 5283996)
755,Cottonwood Lake Study Area - Amphibians (ver. 2.0),"Temperate grasslands, savannas and shrublands",Temperate,Freshwater,Amphibians,29,David M Mushet,"Matthew J Solensky, npwrc_datamanager",POINT (-8547878 5283996)
756,Data from: Using beta diversity to inform agricultural policies and conservation actions on Mediterranean farmland,"Mediterranean forests, woodlands and scrubs",Temperate,Terrestrial,Birds,18,Joana Santana,NA,POINT (0 0)
761,"Amphibians and reptiles of TrÃªs Lagoas, Mato Grosso do Sul, Brazil","Tropical and subtropical grasslands, savannas and shrublands",Tropical,Terrestrial,Multiple,5,Luis Felipe Toledo,NA,POINT (-4900561 -2328307)
762,Anurans Pitfall Traps Southern Brazil,"Tropical and subtropical grasslands, savannas and shrublands",Tropical,Terrestrial,Amphibians,3,Tiago Gomes dos Santos,Sonia Zanini Cechin,POINT (-4993339 -3345240)
763,Slug Numbers â€“ Beckingham 1999 â€“ 2002 (series 1999-2001),Temperate broadleaf and mixed forests,Temperate,Terrestrial,Invertebrates,3,Chris du Feu,NA,POINT (-68907.86 5966019)
764,Slug Numbers â€“ Beckingham 1999 â€“ 2002 (series 2001-2002),Temperate broadleaf and mixed forests,Temperate,Terrestrial,Invertebrates,2,Chris du Feu,NA,POINT (-68907.86 5966019)
765,"Abundances of stream benthic macroinvertebrates during a 6-year monitoring period of a glacier-fed stream in South Tyrol, Italy",Small river ecosystems,Temperate,Freshwater,Invertebrates,6,Alberto Scotti,Roberta Bottarin,POINT (923192.7 5243456)
766,"Abundances of stream benthic macroinvertebrates and related environmental variables of a glacier-fed stream in South Tyrol, Italy (2016-2022)",Small river ecosystems,Temperate,Freshwater,Invertebrates,7,Alberto Scotti,Roberta Bottarin,POINT (923192.7 5243456)
768,Farmland bird monitoring data in North-east Germany 1999-2002 &amp; 2013-2015,Temperate broadleaf and mixed forests,Temperate,Terrestrial,Birds,17,Michael Glemnitz,NA,POINT (1137348 5960463)
769,BahÃ­a Blanca Estuary Puerto Cuatreros - Ciliates (1986-2006),Temperate shelf and seas ecoregions,Temperate,Marine,Multiple,21,Valeria Ana Guinder,M. Celeste Lopez-Abbate,POINT (-5601140 -4356449)
774,Trinidad's Northern Range Freshwater Diatom Survey (2011-2015),Small river ecosystems,Tropical,Freshwater,Plants,5,Amy E. Deacon,Anne E. Magurran,POINT (-5900895 1197115)
778,Trinidad's Northern Range Freshwater Fish Survey (2011-2015),Small river ecosystems,Tropical,Freshwater,Fish,5,Amy E. Deacon,Anne E. Magurran,POINT (-5900895 1197115)
779,Fish Communities - Forillon,Small river ecosystems,Temperate,Freshwater,Fish,10,Daniel Sigouin,NA,POINT (-5495486 5479814)
786,"Netherlands ground beetles, Insect Change study 1102",Temperate broadleaf and mixed forests,Temperate,Terrestrial,Invertebrates,61,Roel van Klink,NA,POINT (543087.1 5901686)
788,Wildlife of a garden: hoverflies,Temperate broadleaf and mixed forests,Temperate,Terrestrial,Invertebrates,30,Francis Gilbert,NA,POINT (-90056.27 5885068)
789,Ants assemblages in the Portal LTER,Deserts and xeric shrublands,Tropical,Terrestrial,Invertebrates,22,Roeal van Klink,Morgan Ernest,POINT (-10047382 3589923)
790,Ground beetles in the Dolomites,Multiple,Polar/Temperate,Terrestrial,Invertebrates,30,Roberto Pizzolotto,NA,POINT (1020517 5195559)
791,"Long-term (2005â€“2017) macromoth community monitoring at Mt. Jirisan National Park, South Korea",Temperate coniferous forest,Temperate,Terrestrial,Invertebrates,64,Sei-Woong Choi,NA,POINT (11610662 3972042)
793,"Monthly drift samples of invertebrates from the River Pawnmpawm, Ghana",Small river ecosystems,Tropical,Freshwater,Invertebrates,2,Rosina Kyerematen,NA,POINT (-20943.08 694512.9)
794,"Surber samples of invertebrates from the River Pawnmpawm, Ghana",Small river ecosystems,Tropical,Freshwater,Invertebrates,2,Rosina Kyerematen,NA,POINT (-20943.08 694512.9)
795,Trinidad's Northern Range Freshwater Invertebrate Survey (2011-2015),Small river ecosystems,Tropical,Freshwater,Invertebrates,5,Amy E. Deacon,Anne E. Magurran,POINT (-5900895 1197115)
799,Monthly data of mesozooplankton abundance and biomass for a shelf station off A CoruÃ±a (NW Spain): 1990-2018 (Series 1990-1996),Temperate shelf and seas ecoregions,Temperate,Marine,Invertebrates,7,Antonio Bode,NA,POINT (-741920.5 4877513)
800,Monthly data of mesozooplankton abundance and biomass for a shelf station off A CoruÃ±a (NW Spain): 1990-2018 (Series 1997-2018),Temperate shelf and seas ecoregions,Temperate,Marine,Invertebrates,22,Antonio Bode,NA,POINT (-741920.5 4877513)
801,BahÃ­a Blanca Estuary Puerto Cuatreros - Microzooplankton (2008-2010),Temperate shelf and seas ecoregions,Temperate,Marine,Multiple,3,Valeria Ana Guinder,M. Celeste Lopez-Abbate,POINT (-5587605 -4365058)
802,Latvia LTER Scots pine forest oribatid mite communities 1998-2006,Temperate coniferous forest,Temperate,Terrestrial,Invertebrates,9,Tancredi Caruso,NA,POINT (2013191 6435946)
803,Monthly series of phytoplankton abundance collected between 1989 and 2016 at A CoruÃ±a (NW Spain) (Series 1989-2008),Temperate shelf and seas ecoregions,Temperate,Marine,Plants,20,Antonio Bode,NA,POINT (-741920.5 4877513)
804,Monthly series of phytoplankton abundance collected between 1989 and 2016 at A CoruÃ±a (NW Spain) (Series 2009-2016),Temperate shelf and seas ecoregions,Temperate,Marine,Plants,8,Antonio Bode,NA,POINT (-741920.5 4877513)
805,BahÃ­a Blanca Estuary Puerto Cuatreros - Phytoplankton (2008-2010),Temperate shelf and seas ecoregions,Temperate,Marine,Multiple,3,Valeria Ana Guinder,M. Celeste Lopez-Abbate,POINT (-5587605 -4365058)
806,"BahÃ­a Blanca Estuary Puerto Cuatreros - Phytoplankton (2006-2008,2012)",Temperate shelf and seas ecoregions,Temperate,Marine,Multiple,7,Valeria Ana Guinder,M. Celeste Lopez-Abbate,POINT (-5601141 -4356448)
807,Reptiles Pitfall Traps Southern Brazil,"Tropical and subtropical grasslands, savannas and shrublands",Tropical,Terrestrial,Reptiles,3,Tiago Gomes dos Santos,Sonia Zanini Cechin,POINT (-4993339 -3345240)
808,Tel-Aviv University bottom trawl surveys,Temperate shelf and seas ecoregions,Temperate,Marine,Fish,8,Shahar Chaikin,Jonathan Belmaker,POINT (3179935 3570195)
809,Treswell Wood Standard Site Bird Capture Data 1978-2020,Temperate broadleaf and mixed forests,Temperate,Terrestrial,Birds,43,Chris du Feu,John Clark,POINT (-71446.52 5955831)
811,"Seasonal variation and effect of non-native invasive vegetation on two bird communities in northeast of Buenos Aires province, Argentina","Temperate grasslands, savannas and shrublands",Temperate,Terrestrial,Birds,2,Facundo X. Palacio,NA,POINT (-5300325 -3919864)
812,"Urbanization as a driver of taxonomic, functional, and phylogenetic diversity losses in bird communities","Temperate grasslands, savannas and shrublands",Temperate,Terrestrial,Birds,32,Facundo X. Palacio,NA,POINT (-5328981 -3912357)
814,Whitelands Wood Birds Survey,Temperate broadleaf and mixed forests,Temperate,Terrestrial,Birds,13,Fritha West,NA,POINT (-82007.84 5705938)
822,Latvia LTER Forest soil Collembola,Temperate coniferous forest,Temperate,Terrestrial,Invertebrates,11,Tara Dirilgen,Tancredi Caruso,POINT (2013191 6435946)
834,Operation Wallacea: Honduras Bats,Tropical and subtropical moist broadleaf forests,Tropical,Terrestrial,Mammals,14,Pamela Medina-van Berkum,Merlijn Jocque,POINT (-8448112 1739941)
835,Operation Wallacea: Mexico Reptiles,Tropical and subtropical moist broadleaf forests,Temperate/Tropical,Terrestrial,Reptiles,5,Kathy Slater,Jose Antonio L. Barao-Nobrega,POINT (-8530681 2060879)
836,"Herpetofauna of Kings Park, Perth, Western Australia 2015-2021","Mediterranean forests, woodlands and scrubs",Temperate,Terrestrial,Multiple,7,Dr Rob A. Davis,Dr Tim S. Doherty,POINT (10668516 -3593117)
839,"Lizard pitfall trap data from 11 NPP study locations at the Jornada Basin LTER site, 1989-2006",Deserts and xeric shrublands,Temperate,Terrestrial,Reptiles,18,David C Lightfoot,NA,POINT (-9819376 3672239)
850,Freshwater fish surveys (NFPD) (Electrofishing Single Catch - Timed Quadrat),Multiple,Temperate,Freshwater,Fish,4,Data Services Platform Defra,NA,POINT (-120251.3 5718291)
851,Freshwater fish surveys (NFPD) (Fixed Trap Single Catch),Multiple,Temperate,Freshwater,Fish,18,Data Services Platform Defra,NA,POINT (-194280.8 6084135)
852,Freshwater fish surveys (NFPD) (Fyke Netting Catch Depletion),Multiple,Temperate,Freshwater,Fish,9,Data Services Platform Defra,NA,POINT (-101999.7 6031881)
862,Freshwater fish surveys (NFPD) (Trapping Single Catch),Multiple,Temperate,Freshwater,Fish,4,Data Services Platform Defra,NA,POINT (-52070.73 6079282)
866,Freshwater fish surveys (NFPD) (Wrap Around Seine Netting Single Catch - Part Width),Multiple,Temperate,Freshwater,Fish,7,Data Services Platform Defra,NA,POINT (-95182.63 5913258)
867,"Forest Inventory of a Northern Hardwood Forest: Watershed 6, Hubbard Brook Experimental Forest (Trees &gt;=2cm to &lt;=10cm dbh, 1982-1987)",Temperate broadleaf and mixed forests,Temperate,Terrestrial,Plants,6,"Information Manager, Hubbard Brook LTER",NA,POINT (-6289709 4936696)
868,"Forest Inventory of a Northern Hardwood Forest: Watershed 6, Hubbard Brook Experimental Forest (Trees &gt;=2cm to &lt;=10cm dbh, 1992-2017)",Temperate broadleaf and mixed forests,Temperate,Terrestrial,Plants,26,"Information Manager, Hubbard Brook LTER",NA,POINT (-6289709 4936696)
875,The Australian Phytoplankton Database (1844 - ongoing): Project 1051 Huon River sampling,Temperate shelf and seas ecoregions,Temperate,Marine,Invertebrates,3,Claire Davies,Lesley Clementson,POINT (12941177 -4852466)
877,The Australian Phytoplankton Database (1844 - ongoing): Project 1054 Phytoplankton dynamics Ballina NSW,Temperate shelf and seas ecoregions,Temperate,Marine,Invertebrates,2,Claire Davies,David Rissik,POINT (14280447 -3242594)
879,The Australian Phytoplankton Database (1844 - ongoing): Project 1057 Phytoplankton from coastal lagoons in Sydney,Temperate shelf and seas ecoregions,Temperate,Marine,Invertebrates,4,Claire Davies,Shauna Murray,POINT (13850305 -3794363)
880,The Australian Phytoplankton Database (1844 - ongoing): Project 1058 Storm Bay phytoplankton,Temperate shelf and seas ecoregions,Temperate,Marine,Invertebrates,2,Claire Davies,Kerrie Swadling,POINT (12984804 -4850196)
882,The Australian Phytoplankton Database (1844 - ongoing): Project 1064 Hornsby Shire Council monitoring,Small river ecosystems,Temperate,Freshwater,Invertebrates,13,Claire Davies,Peter Coad,POINT (13841620 -3777032)
886,"The Australian Phytoplankton Database (1844 - ongoing): Project 782, Phytoplankton Port Hacking 100m station",Temperate shelf and seas ecoregions,Polar/Temperate,Marine,Invertebrates,13,Claire Davies,Penelope Ajani,POINT (13824869 -3835498)
889,The Australian Phytoplankton Database (1844 - ongoing): Project 806 Seagrass nutrient uptake studies,Temperate shelf and seas ecoregions,Polar/Temperate,Marine,Invertebrates,2,Claire Davies,Sasi Nayar,POINT (12624025 -3920858)
890,The Australian Phytoplankton Database (1844 - ongoing): IMOS Southern Ocean Time Series,Temperate shelf and seas ecoregions,Polar/Temperate,Marine,Invertebrates,3,Claire Davies,Ruth Eriksen,POINT (12280297 -5265667)
892,The Australian Zooplankton Database (Project ID 10): Zooplankton sampling in Albatross Bay,Multiple,Tropical,Marine,Invertebrates,3,Claire Davies,Peter Rothlisberg,POINT (13591982 -1416574)
894,"The Australian Zooplankton Database (Project ID 17): A multi-disciplinary study of larval fish distributions and biological oceanographic processes near North West Cape, Western Australia.",Multiple,Temperate/Tropical,Marine,Invertebrates,6,Claire Davies,Anthony Richardson,POINT (10824763 -2438128)
895,"The Australian Zooplankton Database (Project ID 19): Chaetognath, siphonophore and jelly data from Hillarys transect in WA, SFRME",Temperate shelf and seas ecoregions,Temperate,Marine,Invertebrates,2,Claire Davies,Daniel Gaughan,POINT (10678022 -3465223)
898,The Australian Zooplankton Database (Project ID 22): Zooplankton sampling from Maria Island,Temperate shelf and seas ecoregions,Temperate,Marine,Invertebrates,2,Claire Davies,Kerrie Swadling,POINT (13062604 -4783373)
899,The Australian Zooplankton Database (Project ID 23): Zooplankton sampling from the mid-slope off the south coast of Tasmania,Temperate shelf and seas ecoregions,Temperate,Marine,Invertebrates,2,Claire Davies,Kerrie Swadling,POINT (12876690 -4975404)
900,The Australian Zooplankton Database (Project ID 4): Zooplankton sampling in Darwin Harbour  (Dec 2002 - Oct 2004),Multiple,Tropical,Marine,Invertebrates,3,Claire Davies,Kerrie Swadling,POINT (12567458 -1403212)
901,"The Australian Zooplankton Database (Project ID 591): PhD; Zooplankton community dynamics: Biomass, abundance, and feeding in subtropical Moreton Bay (including 2011 flood sampling)",Multiple,Temperate/Tropical,Marine,Invertebrates,3,Claire Davies,Anthony Richardson,POINT (14314181 -3072155)
907,"The Australian Zooplankton Database (Project ID 7): Understanding water column and pelagic ecosystem processes affecting South Scott lagoon, Western Australia - 100 micron",Multiple,Tropical,Marine,Invertebrates,2,Claire Davies,Anthony Richardson,POINT (11687694 -1577179)
908,The Australian Zooplankton Database (Project ID 9): Planning tools for environmentally sustainable tropical finfish cage culture in Indonesia and northern Australia,Multiple,Tropical,Marine,Invertebrates,2,Claire Davies,Anthony Richardson,POINT (12526992 -1305343)
