STUDY_ID,TITLE,BIOME_MAP,CLIMATE,REALM,TAXA,Duration,CONTACT_1,CONTACT_2,LAT,LON
10,Windstorm disturbance without patch dynamics twelve years of change in a Minnesota forest,Temperate broadleaf and mixed forests,Temperate,Terrestrial,Plants,13,Sara Webb,Sara Scanga,47.399998958136194,-95.1200015681694
18,Mapped quadrats in sagebrush steppe long-term data for analyzing demographic rates and plant to plant interactions,Deserts and xeric shrublands,Temperate,Terrestrial,Plants,51,Luke Zachmann,NA,44.33000418624425,-112.32999985749545
33,Long-term phytoplankton community dynamics in the Western English Channel,Temperate shelf and seas ecoregions,Temperate,Marine,Plants,18,Claire Widdicombe,NA,50.24999879790999,-4.216999777406591
39,Bird community dynamics in a temperate deciduous forest Long-term trends at Hubbard Brook,Temperate broadleaf and mixed forests,Temperate,Terrestrial,Birds,46,Richard Holmes,Tom Sherry,43.91000234267961,-71.75000627705161
41,Time and space and the variation of species,Temperate broadleaf and mixed forests,Temperate,Terrestrial,Birds,18,Author now deceased,Queries at Ecology,39.500001714433395,-82.48000142914977
46,Skokholm Bird Observatory,Temperate broadleaf and mixed forests,Temperate,Terrestrial,Birds,52,Mark Williamson,NA,51.69800251249426,-5.277000027155241
51,Fluctuations and long-term in the relative densities of tetraonid populations in Finland. 1964-77,Boreal forests/taiga,Temperate,Terrestrial,Birds,14,Harto Linden,Global Population Dynamics Database,61.9241012940784,25.74820023337215
52,A transect survey of small land carnivore and red fox populations on a subarctic fell in Finnish forest Lapland over 13 winters,Boreal forests/taiga,Polar,Terrestrial,Mammals,13,Erkki Pulliainen,Global Population Dynamics Database,67.74999877599873,29.50000151322779
53,An 11-year study of small mammal populations at Mont St. Hilaire. Quebec,Temperate broadleaf and mixed forests,Temperate,Terrestrial,Mammals,11,Peter Grant,Global Population Dynamics Database,45.564001085785165,-73.17899577639895
54,El Verde Grid invertebrate data (Big Grid Snail Captures 1991-2007),Tropical and subtropical dry broadleaf forests,Tropical,Terrestrial,Invertebrates,33,Christopher Bloch,Michael Willig,18.166704083426342,-65.49999913065376
58,Avian populations long-term monitoring dataset. San Juan. Puerto Rico Luquillo Long Term Ecological Research Site Database Grid points bird counts DBAS 23,Tropical and subtropical dry broadleaf forests,Tropical,Terrestrial,Birds,18,Robert Waide,E Melendez,18.189998625031205,-65.42999699778267
59,Long-term monitoring and experimental manipulation of a Chihuahuan Desert ecosystem near Portal. Arizona. USA,Deserts and xeric shrublands,Temperate,Terrestrial,Mammals,26,Morgan Ernest,Thomas Valone,30.322603023669373,-103.50100462552733
60,Forest Census Plot on Barro Colorado Island,Tropical and subtropical moist broadleaf forests,Tropical,Terrestrial,Plants,34,Stephen Hubbell,Richard Condit,9.152098954841,-79.84649745127764
63,Monitoring butterfly numbersThe development of dragonfly communities and the consequences of territorial behaviour A 27-year study on small ponds at Woodwalton Fen. Cambridgeshire. United Kingdom,Small lake ecosystems,Temperate,Terrestrial,Invertebrates,27,Great Fen,Global Population Dynamics Database,52.422099800941176,-0.18093001403458614
87,Phytoplankton in the Oosterschelde before. during and after the storm-surge barrier (1982-1990),Temperate shelf and seas ecoregions,Temperate,Marine,Plants,9,Peter Herman,NA,51.549250680391054,3.912051252929001
150,Admiralty Bay Benthos Diversity Data Base (ABBED).,Temperate shelf and seas ecoregions,Temperate,Marine,Invertebrates,8,Jacek Sicinski,Bruno Danis,-62.155020150816256,-58.478948620344866
189,St. John. USVI Fish Assessment and Monitoring Data (2002 - Present) (NOAA-CCMA),Tropical seas,Tropical,Marine,Fish,10,Kimberley Robertson,NA,18.308752930792693,-64.74877700888207
190,St. Croix. USVI Fish Assessment and Monitoring Data (2002 - Present) (NOAA-CCMA),Tropical seas,Tropical,Marine,Fish,10,Kimberley Robertson,NA,17.75696894629943,-64.60425582828678
194,Spatial and temporal distribution and abundance of moths in the Andrews Experimental Forest. 1994 to 2004,Temperate coniferous forest,Temperate,Terrestrial,Invertebrates,11,Julia Jones,Jeffrey Miller,44.24400217160738,-122.15800237957139
196,SOTEAG Rocky Shore Survey (Sullom Voe),Temperate shelf and seas ecoregions,Temperate,Marine,Invertebrates,37,Rebecca Kinnear,Jon Moore,60.46645080610482,-1.3228780095469228
201,Pasoh Forest Dynamics Plot. Malaysia - Smithsonian Tropical Research Institute,Tropical and subtropical moist broadleaf forests,Tropical,Terrestrial,Plants,14,Christine Fletcher,Abd Rahman Kassim,2.9819999952456246,102.31299702067723
202,Mudumalai Forest Dynamics Plot. India - Smithsonian Tropical Research Institute,Tropical and subtropical moist broadleaf forests,Tropical,Terrestrial,Plants,13,R Sukuman,Sandeep Pulla,11.598902154316525,76.53379703117565
224,Experiment 133 - Effect of Burning Patterns on Vegetation in the Fish Lake Burn Compartments - Shrub Survey,Temperate broadleaf and mixed forests,Temperate,Terrestrial,Plants,11,Peter Reich,NA,45.39999691672869,-93.19999500770899
225,Point count bird censusing long-term monitoring of bird distrubution and diversity in central Arizona-Phoenix period 2000 to 2011,Deserts and xeric shrublands,Temperate,Terrestrial,Birds,12,Nancy Grimm,NA,33.429997175176744,-111.93000156346842
226,Transect bird survey with data synthesis from multiple transects in the central Arizona-Phoenix area period 1998 to 2000,Deserts and xeric shrublands,Temperate,Terrestrial,Birds,3,Nancy Grimm,NA,33.429997175176744,-111.93000156346842
230,Macrophyte count data collected from Northeast Shark Slough Everglades National Park (FCE) from September 2006 to Present,Flooded grasslands and savannas,Temperate,Marine,Plants,3,Evelyn?Gaiser,Evelyn Gaiser,25.67170261610759,-80.59308274225539
231,"Consumer Stocks: Fish, Vegetation, and other Non-physical Data from Everglades National Park (FCE LTER), South Florida, USA from February 2000 to April 2005",Flooded grasslands and savannas,Temperate,Freshwater,Multiple,6,Joel Trexler,Florida Coastal Everglades LTER Program,25.335057595950296,-80.77719951667916
233,HF044. Land Use on the Southern New England and New York Coasts 1600-2001,Temperate broadleaf and mixed forests,Temperate,Terrestrial,Plants,3,David Foster,NA,42.529998133497976,-72.18999999056226
234,"Forest Inventory of a Northern Hardwood Forest: Watershed 6, Hubbard Brook Experimental Forest (Trees &gt;=10cm dbh, 1977-2017)",Temperate broadleaf and mixed forests,Temperate,Terrestrial,Plants,41,"Information Manager, Hubbard Brook LTER",NA,43.95346007168739,-71.73956058323105
235,Forest Inventory of a Northern Hardwood Forest Watershed 5,Temperate broadleaf and mixed forests,Temperate,Terrestrial,Plants,20,Information Manager at Hubbard Brook LTER,NA,43.953054152886104,-71.73530961842827
236,Fish population on selected watersheds at Konza Prairie - CFP012 - Konza fish population,Small river ecosystems,Temperate,Freshwater,Fish,12,Keith B Gido,NA,39.09310201042211,-96.55859694802956
237,Madison Wisconsin Lakes Zooplankton 1976 - 1994 - old net,Small lake ecosystems,Temperate,Freshwater,Invertebrates,19,Emily Stanley,NA,43.02517043979491,-89.32537776587054
238,North Temperate Lakes LTER Zooplankton - Madison Lakes Area 1997 - current,Small lake ecosystems,Temperate,Freshwater,Invertebrates,20,Emily Stanley,NA,43.07160196677717,-89.39710178968359
239,Pinon Juniper Net Primary Production Quadrat Data from the Sevilleta National Wildlife Refuge New Mexico 1999-2001,Deserts and xeric shrublands,Temperate,Terrestrial,Plants,3,Douglas I. Moore,NA,34.350002989822706,-106.88000484237568
240,Pinon-Juniper (Core Site) Quadrat Data for the Net Primary Production Study at the Sevilleta National Wildlife Refuge New Mexico (2003-present ),Deserts and xeric shrublands,Temperate,Terrestrial,Plants,13,Sevilleta LTER Information Manager,NA,34.350002989822706,-106.88000484237568
241,Sherman Forest Dynamics Plot Panama,Tropical and subtropical moist broadleaf forests,Tropical,Terrestrial,Plants,14,Richard Condit,NA,9.363595752615684,-79.95470050789504
242,Lac Croche understory vegetation data set (1998 to 2006),Temperate broadleaf and mixed forests,Temperate,Terrestrial,Plants,9,Alain Paquette,NA,45.99327836365564,-74.0015711835875
243,Long-term N-fertilized vegetation plots on Hog Island Virginia Coastal Barrier Islands 1992 to 2014,Temperate coniferous forest,Temperate,Terrestrial,Plants,23,Frank Day,NA,37.44663332114483,-75.66746167967116
246,Long-term monitoring dataset of fish assemblages impinged at nuclear power plants in northern Taiwan,Temperate shelf and seas ecoregions,Temperate,Marine,Fish,15,Kwang-Tsao Shao,NA,25.24430938976731,121.62430842979032
247,Zooplankton survey of Oneida Lake New York 1964 to present,Small lake ecosystems,Temperate,Freshwater,Invertebrates,46,Lars Rudstam,Kristen Holeck,43.19661697745084,-75.91981337075121
248,Evidence for long-term shift in plant community composition under decadal experimental warming,"Temperate grasslands, savannas and shrublands",Temperate,Terrestrial,Plants,13,Zheng Shi,NA,43.83333740016771,-102.16667033060428
249,Resource specialists lead local insect community turnover associated with temperature - analysis of an 18-year full-seasonal record of moths and beetles,Temperate broadleaf and mixed forests,Temperate,Terrestrial,Invertebrates,16,Peter Jorgensen,Philip Thomsen,55.70251522478405,12.558951786938838
253,North Temperate Lakes LTER Zooplankton - Trout Lake Area 1982 - current,Small lake ecosystems,Temperate,Freshwater,Invertebrates,40,NTL LTER Information Manager,NTL LTER Lead PI,46.03448617192045,-89.6673126771043
254,North Temperate Lakes LTER: Phytoplankton - Madison Lakes Area 1995 - current,Small lake ecosystems,Temperate,Freshwater,Plants,26,John J. Magnuson,NTL LTER,43.13559844359355,-89.47808183087945
255,Multi-decade. spatially explicit population studies of canopy dynamics in Michigan old-growth forests,Temperate broadleaf and mixed forests,Temperate,Terrestrial,Plants,15,Kerry D. Woods,NA,46.36669570300054,-87.13329488924306
257,Madison Wisconsin Lakes Zooplankton 1976 - 1994 - new net,Small lake ecosystems,Temperate,Freshwater,Invertebrates,4,Emily Stanley,NA,43.081113919090704,-89.38316054255374
270,Experimental evidence of reduced diversity of seedlings due to climate modification in a Mediterranean-type community.,"Mediterranean forests, woodlands and scrubs",Temperate,Terrestrial,Plants,4,Francisco Lloret,NA,41.29999560739375,1.8999998825173134
271,"Santa Barbara Coastal LTER Reef: Kelp Forest Community Dynamics: Abundance and size of Giant Kelp (Macrocystis Pyrifera), ongoing since 2000",Temperate shelf and seas ecoregions,Temperate,Marine,Fish,15,Dan Reed,NA,34.30564943939358,-119.87491296526738
272,Santa Barbara Coastal LTER Reef: Kelp Forest Community Dynamics: Fish abundance,Temperate shelf and seas ecoregions,Temperate,Marine,Invertebrates,15,Dan Reed,NA,34.305542907227526,-119.87585206483506
273,Santa Barbara Coastal LTER Reef: Kelp Forest Community Dynamics: Invertebrate and algal density,Temperate shelf and seas ecoregions,Temperate,Marine,Invertebrates,15,Dan Reed,NA,34.305542907227526,-119.87585206483506
274,"Santa Barbara Coastal LTER Reef: Kelp Forest Community Dynamics: Cover of sessile organisms, Uniform Point Contact",Temperate shelf and seas ecoregions,Temperate,Marine,Multiple,15,Dan Reed,NA,34.30564943939358,-119.87491296526738
275,Response of an urban remnant reptile community to summer wildfire,"Mediterranean forests, woodlands and scrubs",Temperate,Terrestrial,Reptiles,6,Dr Rob A. Davis,Dr Tim S. Doherty,-31.96753612111054,115.83329594956271
276,Eutrophication and Dreissena Invasion as Drivers of Biodiversity A Century of Change in the Mollusc Community of Oneida Lake,Small lake ecosystems,Temperate,Freshwater,Invertebrates,96,Vadim Karatayev,NA,43.20000168062129,-76.06669908634032
294,Tam Dao Butterfly communities,Tropical and subtropical moist broadleaf forests,Tropical,Terrestrial,Invertebrates,11,Timothy C Bonebrake,Lie Van Vu,21.0832967555839,105.10000206219861
298,Long-term mapped quadrats from Kansas prairie demographic information for herbaceaous plants,"Temperate grasslands, savannas and shrublands",Temperate,Terrestrial,Plants,70,Peter B Adler,NA,38.79999938065354,-99.29999822390974
299,Elba Island Butterflies,"Mediterranean forests, woodlands and scrubs",Temperate,Terrestrial,Invertebrates,101,Leonardo Dapporto,NA,42.77000346955885,10.300000172701603
300,Insect Populations via Sticky Traps at KBS-LTER (Kellogg Biological Station. MI),Temperate broadleaf and mixed forests,Temperate,Terrestrial,Invertebrates,25,Doug Landis,Stuart Gage,42.408849107907194,-85.38317607684259
301,Konza Prarie grasshoppers -  CGR022,"Temperate grasslands, savannas and shrublands",Temperate,Terrestrial,Invertebrates,37,Ellen Welti,Anthony Joern,39.08101796678032,-96.58277375809067
302,Patterns and processes affecting the dynamics and structure of seasonally semideciduous forests in SE Brazil(Padroes e processos que influenciam a dinamica e a estrutura das Florestas Estacionais Semideciduais SE Brasil),Tropical and subtropical moist broadleaf forests,Tropical,Terrestrial,Plants,10,Tiago Egydio Barreto,"Ricardo Rodrigues, Renato Augusto Ferreira de Lima and Thiago Almeida Bueno",-22.379003525760627,-49.68030366948429
303,The influence of environmental variables on tree species component dynamics in a montane forest fragment in Lages SC Brazil Influencia de variaveis ambientais na dinamica do componente arboreo em um fragmento de Floresta Ombrofila Mista em Lages SC,Tropical and subtropical moist broadleaf forests,Temperate/Tropical,Terrestrial,Plants,9,Pedro Higuchi,Ana Carolina da Silva,-27.859713160851538,-50.194291867214645
305,Population estimates of Appalachian salamanders. Coweeta LTER,Temperate broadleaf and mixed forests,Temperate,Terrestrial,Amphibians,15,R Haven Wiley,NA,35.000000393665154,-83.5000033803891
306,Edwin S. George Reserve Turtles. The Global Population Dynamics Database Version 2,Small lake ecosystems,Temperate,Freshwater,Reptiles,18,Barry Brook,NA,42.45699715468311,-83.94599693247919
307,Kellogg LTER seed bank,Temperate broadleaf and mixed forests,Temperate,Terrestrial,Plants,10,Sven Bohm,Kay Gross,42.408849107907194,-85.38317607684259
308,Long Term Mammal Data from Powdermill Biological Station 1979-1999,Temperate broadleaf and mixed forests,Temperate,Terrestrial,Mammals,21,Joseph F Merritt,NA,40.17073605125152,-79.26017334329504
311,Seasonal summary of numbers of small mammals on 14 LTER traplines in prairie habitats at Konza Prairie,"Temperate grasslands, savannas and shrublands",Temperate,Terrestrial,Mammals,33,Donald W. Kaufman,NA,39.08332944603091,-96.5833332010564
312,Stability in a Multi-Species Assemblage of Large Herbivores in East Africa,"Tropical and subtropical grasslands, savannas and shrublands",Tropical,Terrestrial,Mammals,26,Herbert Henri Theodore Prins,NA,3.499999818957155,35.74999885340404
313,Successional Dynamics on a Resampled Chronosequence Core Old Field Grasshopper Sampling,Temperate broadleaf and mixed forests,Temperate,Terrestrial,Invertebrates,18,Knops Johannes,Tilman David,45.39999691672869,-93.19999500770899
314,Successional Dynamics on a Resampled Chronosequence Small mammal abundance,Temperate broadleaf and mixed forests,Temperate,Terrestrial,Mammals,3,Knops Johannes,Tilman David,45.39999691672869,-93.19999500770899
315,Jornada Grasshopper Data,Deserts and xeric shrublands,Temperate,Terrestrial,Invertebrates,3,John Anderson,David Lightfoor,32.61999571730962,-106.74000091204861
316,Lizard pitfall trap data (LTER-II LTER-III),Deserts and xeric shrublands,Temperate,Terrestrial,Reptiles,18,John Anderson,David Lightfoot,32.61999571730962,-106.74000091204861
317,Mangrove Forest Growth from the Shark River Slough Everglades National Park (FCE) South Florida from January 1995 to Present,Flooded grasslands and savannas,Temperate,Terrestrial,Plants,11,Robert ATwilley,Victor Rivera-Monroy,25.335997613163546,-80.85566307330146
319,Effects of rangeland management on community dynamics of herpetofauna to the tallgrass prairie,"Temperate grasslands, savannas and shrublands",Temperate,Terrestrial,Multiple,15,Dustin J. Wilgers,NA,37.250003404637184,-96.71665929722506
321,Small Mammal Exclosure Study. Jornada LTER.  SMES rodent trapping data,Deserts and xeric shrublands,Temperate,Terrestrial,Mammals,13,Robert Schooley,NA,32.55033437024081,-106.81156459392429
322,Forest destructuring as revealed by the temporal dynamics of fundamental species - Case study of Santa Genebra Forest in Brazil,Tropical and subtropical moist broadleaf forests,Tropical,Terrestrial,Plants,22,Fabiano Turini Farah,"Ricardo Rodrigues, Renato Augusto Ferreira de Lima and Thiago Almeida Bueno",-22.824997443688193,-47.10579583216529
323,The Response of Anolis Lizards to Hurricane-Induced Habitat Changes in a Puerto Rican Rain Forest.,Tropical and subtropical moist broadleaf forests,Tropical,Terrestrial,Reptiles,4,Douglas Reagan,NA,18.317599040952448,-65.78239882360694
324,Temporal evaluation of natural regeneration in a semi-deciduous forest in Pirenopolis. Goias. Brazil,"Tropical and subtropical grasslands, savannas and shrublands",Tropical,Terrestrial,Plants,5,Fabio Venturoli,NA,-15.822691803880133,-48.99437035301375
325,Temporal evaluation of natural regeneration in a semi-deciduous forest in Pirenopolis. Goias. Brazil,"Tropical and subtropical grasslands, savannas and shrublands",Tropical,Terrestrial,Plants,5,Fabio Venturoli,NA,-15.822691803880133,-48.99437035301375
326,Temporal evaluation of natural regeneration in a semi-deciduous forest in Pirenopolis. Goias. Brazil,"Tropical and subtropical grasslands, savannas and shrublands",Tropical,Terrestrial,Plants,5,Fabio Venturoli,NA,-15.822691803880133,-48.99437035301375
327,Fray Jorge Small Mammals 1989-2005,"Mediterranean forests, woodlands and scrubs",Temperate,Terrestrial,Mammals,17,Douglas A. Kelt,NA,-30.59999733956117,-71.69999709708051
328,The Rainbow Bay Long-term Study,Small river ecosystems,Temperate,Freshwater,Amphibians,30,David Scott,NA,32.26000174314254,-81.62999742275242
329,Twenty years tree demography in an undisturbed Dipterocarp permanent sample plot at Uppangala Western Ghats of India,Tropical and subtropical moist broadleaf forests,Tropical,Terrestrial,Plants,21,N. Ayyappan,NA,12.537504312070311,75.66277473472384
332,Stream Fish Assemblage stability in a southern Appalachian stream (Coweeta Hydro Lab 1984 - 1995),Small river ecosystems,Temperate,Freshwater,Fish,12,Gary D Grossman,NA,35.05889921015781,-83.43189793997036
333,Weekly record of bird species observed on Konza Prairie,"Temperate grasslands, savannas and shrublands",Temperate,Terrestrial,Birds,29,JMB,J Briggs,39.08332944603091,-96.5833332010564
334,"Above ground plant biomass in a mesic acidic tussock tundra experimental site from 1982 to 2015 Arctic LTER, Toolik Lake, Alaska",Tundra,Polar,Terrestrial,Plants,19,Gaius Shaver,Arctic LTER Data Manager,68.62964516269645,-149.5757107318985
335,Stochasticity in structural and functional characteristics of an Indiana stream fish assemblage  a test of community theory,Small river ecosystems,Temperate,Freshwater,Fish,13,Gary D Grossman,NA,39.56219877819799,-87.40389447345105
336,Long term monitoring and experimental manipulation of a Chihuahuan Desert ecosystem near Portal Arizona,Deserts and xeric shrublands,Temperate,Terrestrial,Plants,14,Morgan Ernest,Tom Valone,31.938885263045705,-109.07969835567253
337,Mountain Birdwatch,Temperate broadleaf and mixed forests,Temperate,Terrestrial,Birds,11,John D. Lloyd,Kent P. McFarland,44.24999678246601,-72.1875034076988
338,Dynamics and Organization of a Rocky Intertidal Fish Assemblage,Temperate shelf and seas ecoregions,Temperate,Marine,Fish,3,Gary D Grossman,NA,37.99999891608482,-122.99999842644014
339,Species trends turnover and composition of a woodland bird community in southern Sweden during a period of 57 years.,Temperate broadleaf and mixed forests,Temperate,Terrestrial,Birds,57,Soren Svensson,NA,55.71667007755837,13.333325891075068
340,"Small Mammal Exclosure Study (SMES) Vegetation Data from the Chihuahuan Desert Grassland and Shrubland at the Sevilleta National Wildlife Refuge, New Mexico (1995-2009)",Deserts and xeric shrublands,Tropical,Terrestrial,Plants,15,David Lightfoot,NA,34.3145892905955,-106.83151905834933
342,Brazil Dataset 2,"Tropical and subtropical grasslands, savannas and shrublands",Tropical,Terrestrial,Plants,19,Giselda Durigan,NA,-22.701100117651848,-50.51720192110774
343,Brazil Dataset 3,Tropical and subtropical moist broadleaf forests,Tropical,Terrestrial,Plants,18,Giselda Durigan,NA,-22.02334777070004,-49.917800398591474
344,Brazil Dataset 4,"Tropical and subtropical grasslands, savannas and shrublands",Tropical,Terrestrial,Plants,13,Giselda Durigan,NA,-22.597203209905594,-50.36889720159357
345,Brazil Dataset 5,"Tropical and subtropical grasslands, savannas and shrublands",Tropical,Terrestrial,Plants,13,Giselda Durigan,NA,-22.60890134596782,-50.395299972700585
346,Monitoring experiences at the Atlantic rainforest biome using permanent plots.,"Tropical and subtropical grasslands, savannas and shrublands",Tropical,Terrestrial,Plants,10,Carolina Mathias Moreira,"Ana Paula Savassi-Coutinho Giselda Durigan Vincius Castro Souza Natlia Macedo Ivanauskas Ricardo Ribeiro Rodrigues, Renato Augusto Ferreira de Lima and Thiago Almeida Bueno",-22.592996129256512,-50.378598964488404
347,Zooplankton community of the Vitoria Bay estuarine system (southeastern Brazil). Characterization during a three-year study,Tropical seas,Tropical,Marine,Invertebrates,3,Jose Mauro Sterza,Luiz Loureiro Fernandes,-20.28880101770499,-40.32300595400281
349,St. M polychaete species time-series,Temperate shelf and seas ecoregions,Temperate,Marine,Invertebrates,21,Claire Laguionie-Marchais,Henry Ruhl,34.91799422670068,-123.0256224891507
350,Megafauna PAP time series,Temperate shelf and seas ecoregions,Temperate,Marine,Invertebrates,23,Claire Laguionie-Marchais,Henry Ruhl,48.999996291359345,-16.500000514871353
351,Megafauna Sta M time series,Temperate shelf and seas ecoregions,Temperate,Marine,Invertebrates,16,Claire Laguionie-Marchais,Henry Ruhl,34.83332891558467,-122.9999966729373
352,Flooded forest plot sampling in Peru,Tropical and subtropical moist broadleaf forests,Tropical,Terrestrial,Plants,4,Randall W. Myster,NA,-1.9999996570581136,-74.99999578609538
353,La Planada Forest Dynamics Plots,Tropical and subtropical moist broadleaf forests,Tropical,Terrestrial,Plants,7,Natalia Norden Medina,NA,1.1557996219150761,-77.99349730110849
355,Plant Species Composition on Selected Watersheds at Konza Prairie,"Temperate grasslands, savannas and shrublands",Temperate,Terrestrial,Plants,33,David C. Hartnett,Scott L. Collins,39.08332944603091,-96.5833332010564
357,Small Mammal Trapping Webs on the Central Plains Experimental Range,"Temperate grasslands, savannas and shrublands",Temperate,Terrestrial,Mammals,13,Paul Stapp,NA,40.82889176898201,-104.75819958136732
358,Neotropical Migratory Bird Communities in a Developing Pine Plantation,Temperate coniferous forest,Temperate,Terrestrial,Birds,16,H Williamson,NA,31.583328838212687,-94.81666076867364
359,SBC LTER Reef Kelp Forest Community Dynamics Fish abundance,Temperate shelf and seas ecoregions,Temperate,Marine,Fish,13,Santa Barbara Coastal LTER,Daniel C Reed,34.308907551787804,-119.87415254603619
360,Bialowieza National Park bird assemblage,Temperate broadleaf and mixed forests,Temperate,Terrestrial,Birds,40,Tomasz Wesolowski,NA,52.716666607455416,24.266662059805014
361,A long-term bird population study in an Appalachian spruce forest,Temperate broadleaf and mixed forests,Temperate,Terrestrial,Birds,22,JSTOR,NA,38.6099981112506,-79.83471666514455
362,Plant and small-mammal responses to large-herbivore exclusion in an African savanna,"Tropical and subtropical grasslands, savannas and shrublands",Tropical,Terrestrial,Mammals,4,Tyler R. Kartzinel,NA,0.3892360212628687,36.89156323037953
363,The 37-year dynamics of a subalpine bird community with special emphasis on the influence of environmental temperature and Epirrita autumnata cycles.,Tundra,Temperate,Terrestrial,Birds,37,Anders Enemar,NA,65.96805352823273,16.316665456507987
364,Long-term reductions in anthropogenic nutrients link to improvements in Chesapeake Bay habitat,Large river ecosystems,Temperate,Freshwater,Plants,18,Nancy Rybicki,Henry Ruhl,38.900998422884385,-77.06900457505326
365,Hahei marine dataset (1997-2002),Temperate shelf and seas ecoregions,Temperate,Marine,Fish,6,Trevor Willis,NA,-37.256483982316915,176.3251290599641
366,Small Mammal Exclosure Study (SMES),Deserts and xeric shrublands,Temperate,Terrestrial,Mammals,25,David Lightfoot,NA,34.350002989822706,-106.88000484237568
368,Monitoring site 1000 Land waters research- Lakes benthic animal research,Small lake ecosystems,Temperate,Freshwater,Invertebrates,2,Ecosystem monitoring department and maintenance department. Nature Conservation Bureau Ministry of the Environment Biodiversity Center,NPO Japan Wetlands International,35.37889897076058,136.09660201848496
369,Monitoring site 1000 Alpine research - Surface wandering beetles,Temperate broadleaf and mixed forests,Temperate,Terrestrial,Invertebrates,6,General Foundation Natural Environment Research Center monitoring site 1000 alpine zone personnel,Nature Conservation Bureau Ministry of the Environment Biodiversity Center Contact: ecosystem monitoring Department,36.147100160071965,136.76826312815365
378,Calafuria Mid-shore Intertidal Dataset (1991-2014),Temperate shelf and seas ecoregions,Temperate,Marine,Invertebrates,16,Lisandro Benedetti Cecchi,NA,43.46936286313776,10.335962934409551
379,Calafuria Low-shore Intertidal Dataset (1991-2014),Temperate shelf and seas ecoregions,Temperate,Marine,Invertebrates,24,Lisandro Benedetti Cecchi,NA,43.46936286313776,10.335962934409551
380,Monitoring butterfly numbers,Temperate broadleaf and mixed forests,Temperate,Terrestrial,Invertebrates,10,GPDD,NA,50.84630134325529,0.055199999247998205
381,Long-term sampling of a herpetofaunal assemblage on an isolated urban bushland,"Mediterranean forests, woodlands and scrubs",Temperate,Terrestrial,Multiple,7,R A How,NA,-31.933298775631094,115.7666039326234
382,Small Mammals and Vegetation Changes After Fire in a Mixed Conifer-Hardwood Forest,Temperate broadleaf and mixed forests,Temperate,Terrestrial,Mammals,13,Contact at GPDD,NA,47.83333405564887,-91.83333563716414
383,Boubin,Temperate broadleaf and mixed forests,Temperate,Terrestrial,Plants,39,Tomas Vrska,Kamil Kral,48.97760764280312,13.810903770551937
384,Cahnov-Soutok,Temperate broadleaf and mixed forests,Temperate,Terrestrial,Plants,34,Tomas Vrska,Kamil Kral,48.65523832062072,16.941158981370073
385,Milesice,Temperate broadleaf and mixed forests,Temperate,Terrestrial,Plants,40,Tomas Vrska,Kamil Kral,48.984706025907514,13.838608611582519
386,Mionsi-V,Temperate coniferous forest,Temperate,Terrestrial,Plants,16,Tomas Vrska,Kamil Kral,49.53635774493047,18.660272298979358
387,Mionsi-R,Temperate coniferous forest,Temperate,Terrestrial,Plants,52,Tomas Vrska,Kamil Kral,49.537747734075595,18.661164913264912
388,Mionsi-C,Temperate coniferous forest,Temperate,Terrestrial,Plants,58,Tomas Vrska,Kamil Kral,49.53610920473107,18.65452006043958
389,Ranspurk,Temperate broadleaf and mixed forests,Temperate,Terrestrial,Plants,34,Tomas Vrska,Kamil Kral,48.6788161382218,16.948157469763416
390,Razula,Temperate coniferous forest,Temperate,Terrestrial,Plants,38,Tomas Vrska,Kamil Kral,49.35978831573776,18.38193375358038
391,Salajka,Temperate coniferous forest,Temperate,Terrestrial,Plants,34,Tomas Vrska,Kamil Kral,49.40188231186755,18.41951539223758
392,Stozec,Temperate broadleaf and mixed forests,Temperate,Terrestrial,Plants,40,Tomas Vrska,Kamil Kral,48.879721518810584,13.835814953359787
393,Velka Ples,Temperate broadleaf and mixed forests,Temperate,Terrestrial,Plants,38,Tomas Vrska,Kamil Kral,49.989613505729174,13.80338044633169
394,Zakova hora,Temperate broadleaf and mixed forests,Temperate,Terrestrial,Plants,38,Tomas Vrska,Kamil Kral,49.654694175068656,15.990502211760736
395,Zofin,Temperate broadleaf and mixed forests,Temperate,Terrestrial,Plants,34,Tomas Vrska,Kamil Kral,48.66658216046875,14.706822402015819
396,Doutnac,Temperate broadleaf and mixed forests,Temperate,Terrestrial,Plants,11,Tomas Vrska,Kamil Kral,49.95532114700679,14.15337650468883
397,Polednik,Temperate broadleaf and mixed forests,Temperate,Terrestrial,Plants,9,Tomas Vrska,Kamil Kral,50.861833178450375,15.153151663780992
398,Polom,Temperate broadleaf and mixed forests,Temperate,Terrestrial,Plants,23,Tomas Vrska,Kamil Kral,49.789846892234046,15.752194205215922
399,V Kluci,Temperate broadleaf and mixed forests,Temperate,Terrestrial,Plants,28,Tomas Vrska,Kamil Kral,49.31324194312957,15.5229203667527
400,Jirina,Temperate broadleaf and mixed forests,Temperate,Terrestrial,Plants,22,Tomas Vrska,Kamil Kral,50.23658052537691,14.562979264268852
401,Kohoutov,Temperate broadleaf and mixed forests,Temperate,Terrestrial,Plants,21,Tomas Vrska,Kamil Kral,49.92246344989443,13.772106308968407
403,Community ecology of anura amphibia at Northwest region of Sao Paulo state,Small lake ecosystems,Tropical,Freshwater,Amphibians,7,Denise de Cerqueira Rossa-Feres,NA,-21.1833006864932,-49.700000578260195
404,Brazil Dataset 7,"Tropical and subtropical grasslands, savannas and shrublands",Tropical,Terrestrial,Plants,3,Gabriella Damasceno,Alessandra Fidelis,-22.2352998758654,-47.88470049791363
405,Brazil Dataset 8,"Tropical and subtropical grasslands, savannas and shrublands",Tropical,Terrestrial,Plants,3,Alessandra Fidelis,NA,-10.205348488464002,-46.55750068004498
406,Short-term changes caused by fire and mowing in Brazilian Campos grasslands with different long-term fire histories,"Tropical and subtropical grasslands, savannas and shrublands",Temperate,Terrestrial,Plants,3,Alessandra Fidelis,NA,-30.049996445229365,-51.11669632092131
412,Icthyoplankton data collected from Yenliao Bay in 6 stations northeast of Taiwan (1995-2000),Tropical seas,Temperate,Marine,Fish,6,Chih-hao Hsieh (Zac),NA,25.04166339976215,121.941667475795
413,Bird populations in east central Illinois. Fluctuations variations and development over a half-century,"Temperate grasslands, savannas and shrublands",Temperate,Terrestrial,Birds,50,Author now deceased,NA,39.98333057324213,-88.65000265034597
414,Bird populations in east central Illinois. Fluctuations variations and development over a half-century,"Temperate grasslands, savannas and shrublands",Temperate,Terrestrial,Birds,53,Author now deceased,NA,39.98333057324213,-88.65000265034597
415,Bird populations in east central Illinois. Fluctuations variations and development over a half-century,"Temperate grasslands, savannas and shrublands",Temperate,Terrestrial,Birds,19,Author now deceased,NA,40.13332670324252,-88.29999841397178
416,Bird populations in east central Illinois. Fluctuations variations and development over a half-century,"Temperate grasslands, savannas and shrublands",Temperate,Terrestrial,Birds,26,Author now deceased,NA,40.13332670324252,-88.29999841397178
419,Data collected aboard cruises off the coast of the Western Antarctic Penninsula,Polar ecoregions,Temperate,Marine,Birds,19,William R Fraser,NA,-64.76999785605686,-64.05000439834916
426,Phytoplankton time series from Lake Zurich,Small lake ecosystems,Temperate,Freshwater,Invertebrates,35,Francesco Pomati,NA,47.32999799466585,8.560000221588659
427,Zooplankton time series from Lake Zurich,Small lake ecosystems,Temperate,Freshwater,Invertebrates,32,Francesco Pomati,NA,47.32999799466585,8.560000221588659
429,Scleractinian corals from Orpheus and Magnetic Islands 2013 to 2020,Tropical coral,Tropical,Marine,Invertebrates,8,Chao-Yang Kuo,Andrew Baird,-18.835908154433486,146.6535944396681
434,Summer Phytoplankton Densities 1992-2001,Small lake ecosystems,Polar,Freshwater,Invertebrates,10,Diane McKnight,John Priscu,-77.66545754277826,162.71043044574847
437,Aceh WCS fish survey 2010 to 2016,Tropical coral,Tropical,Marine,Fish,7,Andrew Hoey,NA,5.75301191154998,95.27988074348879
438,Aceh WCS fish surveys,Tropical coral,Tropical,Marine,Fish,9,Andrew Hoey,NA,5.764892387963885,95.21924493811214
439,Long-term dynamics of bird populations in pine forests of Ilmen Nature Reserve during the breeding period individuals / km2,"Temperate grasslands, savannas and shrublands",Temperate,Terrestrial,Birds,13,Roberto Cazzolla Gatti,NA,54.50408763924536,60.29399544178579
440,Long-term dynamics of bird populations in pine-birch forests of Ilmen Nature Reserve during the breeding period individuals / km2,"Temperate grasslands, savannas and shrublands",Temperate,Terrestrial,Birds,13,Roberto Cazzolla Gatti,NA,54.50408763924536,60.29399544178579
441,Long-term dynamics of bird populations in birch forests of Ilmen Nature Reserve during the breeding period individuals / km2,"Temperate grasslands, savannas and shrublands",Temperate,Terrestrial,Birds,13,Roberto Cazzolla Gatti,NA,54.50408763924536,60.29399544178579
442,Composition and abundance of bird species in the village Matabay in June 1980-1985 (absolute indicators (area 025 km2)),Montane grasslands and shrublands,Temperate,Terrestrial,Birds,6,Roberto Cazzolla Gatti,NA,48.668737275909194,85.65438899203468
443,Composition and abundance of bird species in the village Verhnjaja Elovka in June 1980-1985 (absolute indicators (area 025 km2)),Montane grasslands and shrublands,Temperate,Terrestrial,Birds,4,Roberto Cazzolla Gatti,NA,48.833308278858276,85.77317506523204
444,The dynamics of species composition and abundance of migratory birds of prey in the Irkut River mouth (absolute figures),Boreal forests/taiga,Temperate,Terrestrial,Birds,5,Roberto Cazzolla Gatti,NA,52.29729816856934,104.2755310568633
445,A number of waterfowl after periods of breeding and molting in the lower reaches of Ob River (thous. individuals / 22 thous. km2),Large river ecosystems,Temperate,Terrestrial,Birds,3,Roberto Cazzolla Gatti,NA,66.38024717162654,71.7787446306889
446,The density of population (ind/1000ha.) of hunting species of mammals in the Republic of Mordovia (Chamzinsky district),Temperate broadleaf and mixed forests,Temperate,Terrestrial,Mammals,5,Roberto Cazzolla Gatti,NA,54.407217617081265,45.779993437636826
447,Long-term population dynamics of small mammals in the Natural Boundary Morozova Gora (individuals / 100 trap-nights),Temperate broadleaf and mixed forests,Temperate,Terrestrial,Mammals,9,Roberto Cazzolla Gatti,NA,52.60138775697366,38.92828716688905
448,Number of small mammals in Verkhnyaya Angara basin (accounting period since 20.07 to 20.08 individuals /100 trap-nights,Boreal forests/taiga,Temperate,Terrestrial,Mammals,4,Roberto Cazzolla Gatti,NA,56.09999652862247,111.59999339805175
449,Indicators of abundance (individuals / 100 trap-nights) of different species of small mammals in different years with using trap grooves and a coefficient characterizing the adverse conditions winter,Boreal forests/taiga,Temperate,Terrestrial,Mammals,10,Roberto Cazzolla Gatti,NA,49.0499974189181,107.18000174392073
450,Composition (%) and biomass (thous. tons) of fish species  in Olyutorsky-Navarin area in 2005-2012,Temperate shelf and seas ecoregions,Temperate,Marine,Fish,8,Roberto Cazzolla Gatti,NA,60.23333431052988,168.34999729117604
451,Composition (%) and biomass (thous. tons) of fish species  in  Gulf of Anadyr in 2005-2012,Temperate shelf and seas ecoregions,Temperate,Marine,Fish,8,Roberto Cazzolla Gatti,NA,63.99999898609229,-178.0000007024117
452,Year-to-year dynamics of total nekton biomass (thous. tons) in the upper epipelagic of the North-West Pacific in June-July of 2000s,Temperate shelf and seas ecoregions,Temperate,Marine,Fish,9,Roberto Cazzolla Gatti,NA,47.000002843315244,160.00000574126767
453,Population dynamics of some species founded in all periods of study in the lake Bolshoi Kharbei in late July - early August (thous.individuals/m3),Small lake ecosystems,Polar/Temperate,Freshwater,Invertebrates,42,Roberto Cazzolla Gatti,NA,67.33000023316178,62.52999841936299
455,Dynamics of a coral reef community,Tropical seas,Tropical,Marine,Invertebrates,3,Chao-yang Kuo,Tung-Yung Fan,21.95250397536082,120.7696453340211
456,Dynamics of a coral reef community,Tropical seas,Tropical,Marine,Invertebrates,8,Chao-yang Kuo,Chaolun Allen Chen,21.995019354488388,120.70360006138502
457,Dynamics of a coral reef community,Tropical coral,Tropical,Marine,Invertebrates,12,Chao-yang Kuo,Chaolun Allen Chen,21.944851313084015,120.76863176778033
458,Beetles from the Bavarian Forest,Temperate broadleaf and mixed forests,Temperate,Terrestrial,Invertebrates,4,Simon Thorn,Jorg Muller,49.08489620655065,13.312645797823965
459,Birds from the Bavarian Forest,Temperate broadleaf and mixed forests,Temperate,Terrestrial,Birds,5,Simon Thorn,Jorg Muller,49.08451953984203,13.312874730507655
460,Fungi from the Bavarian Forest unlogged,Temperate broadleaf and mixed forests,Temperate,Terrestrial,Fungi,5,Simon Thorn,Jorg Muller,49.08478596257253,13.312789729493376
461,Lichens (obj) from the Bavarian Forest unlogged,Temperate broadleaf and mixed forests,Temperate,Terrestrial,Fungi,5,Simon Thorn,Jorg Muller,49.08478596257253,13.312789729493376
462,Lichens (soil) from the Bavarian Forest unlogged,Temperate broadleaf and mixed forests,Temperate,Terrestrial,Fungi,5,Simon Thorn,Jorg Muller,49.08463897068333,13.31264943238015
463,Mosses (obj) from the Bavarian Forest,Temperate broadleaf and mixed forests,Temperate,Terrestrial,Plants,5,Simon Thorn,Jorg Muller,49.08478596257253,13.312789729493376
464,Mosses (soil) from the Bavarian Forest,Temperate broadleaf and mixed forests,Temperate,Terrestrial,Plants,5,Simon Thorn,Jorg Muller,49.08498807657247,13.312465275825295
465,Plants from the Bavarian Forest,Temperate broadleaf and mixed forests,Temperate,Terrestrial,Plants,6,Simon Thorn,Jorg Muller,49.08489620655065,13.312645797823965
467,Spatial and temporal organisation of a coastal lagoon fish community,Temperate shelf and seas ecoregions,Temperate,Marine,Fish,13,Jose Eduardo Rebelo,NA,40.67583276738687,-8.684562477293197
468,A multi-decade time series of kelp forest community structure at San Nicolas Island California.,Temperate shelf and seas ecoregions,Temperate,Marine,Invertebrates,32,"Michael Kenner
",Tim Tinker,33.245428974708034,-119.50874931007087
471,Prescribed Burn Effect on Chihuahuan Desert Grasses and Shrubs at the Sevilleta National Wildlife Refuge,Deserts and xeric shrublands,Temperate,Terrestrial,Plants,10,Esteban Muldavin,Scott Collins,34.350002989822706,-106.88000484237568
473,Fourteen years of mapped permanent quadrats in a northern mixed prairie,"Temperate grasslands, savannas and shrublands",Temperate,Terrestrial,Plants,14,Peter Adler,NA,46.31667028467112,-105.79999998417684
475,Structure and dynamics of a passerine bird community in a spruce-dominated boreal forest,Boreal forests/taiga,Temperate,Terrestrial,Birds,13,Olav Hogstad,NA,63.41667373574831,10.500000547806534
476,Bromeliad invertebrate counts at different elevations in the Luquillo Experimental Forest,Tropical and subtropical moist broadleaf forests,Tropical,Terrestrial,Invertebrates,5,Barbara A. Richardson,NA,18.29999569516483,-65.79999925711608
477,Epifaunal invertebrate survey from Goodwin Islands York River Estuary Chesapeake Bay,Temperate shelf and seas ecoregions,Temperate,Marine,Invertebrates,15,Jon S. Lefcheck,J. Emmett Duffy,37.22199863068015,-76.39199891182955
478,Long term study of the stream ecosystems in the Breitenbach,Small river ecosystems,Temperate,Freshwater,Invertebrates,37,Diana Bowler,NA,50.66972579130698,9.628889293333108
480,ITEX Dataset 2 - Wolfcreek,Boreal forests/taiga,Temperate,Terrestrial,Plants,11,Jill Johnstone,NA,61.560001831915606,-135.13000412907647
481,ITEX Dataset 3 - Bylot (Mesprairie and Mespolygon),Tundra,Polar,Terrestrial,Plants,8,Esther Levesque,NA,73.15411185391595,-79.94441365103835
482,"ITEX Qikiqtarukâ€“Herschel Island, Herschel and Komakuk vegetation plots",Tundra,Polar,Terrestrial,Plants,19,Isla Myers-Smith,NA,69.57999475558266,138.86498944901834
483,ITEX Dataset 5 - Teberda (Malaya Alpine-Snowbed and Geranium Hedysarum Meadow),Temperate broadleaf and mixed forests,Temperate,Terrestrial,Plants,24,Vladimir G. Onipchenko,Asem A. Akhmetzhanova,43.26999797442898,41.410002805673486
486,ITEX Dataset 8 - Valbercla (Alpine),Temperate coniferous forest,Temperate,Terrestrial,Plants,16,Christian Rixen,NA,46.475802420112295,9.584199830112244
489,ITEX Dataset 11 - Finse (Ridge),Tundra,Temperate,Terrestrial,Plants,9,Kari Klanderud,NA,60.36999794889771,7.319999299187419
490,ITEX Dataset 12 - Finse (Slope),Tundra,Temperate,Terrestrial,Plants,4,Kari Klanderud,NA,60.36999794889771,7.319999299187419
491,"ITEX Dataset 13 - Toolik (Dry, Moist)",Tundra,Polar,Terrestrial,Plants,15,Willam A. Gould,NA,68.62000479050718,-149.61000113222514
492,"ITEX Dataset 14 - Toolik (LTER Heath, LTER Moist acidic tussock, LTER non-acidic tussock, LTER wet sedge, SAG wet sedge2, Tussock 1981 plots)",Tundra,Polar,Terrestrial,Plants,25,Gauis R. Shaver,NA,68.62949845506667,-149.57799224518203
493,"ITEX Dataset 15 - Sadvent (MES-cover, MES-photo, wet-cover, wet-photo)",Tundra,Polar,Terrestrial,Plants,6,Elisabeth J. Cooper,NA,78.1899939515382,15.934125152812015
494,"ITEX Dataset 16 - Finse (Nfinse, Ridge cover)",Tundra,Temperate,Terrestrial,Plants,12,Kari Klanderud,NA,60.49248464795173,7.419895453606458
497,"ITEX Dataset 19 - Teberda (Festuca Varia Grassland, Malaya Alpine Lichen-Heath)",Temperate broadleaf and mixed forests,Temperate,Terrestrial,Plants,29,Vladimir G. Onipchenko,Asem A. Akhmetzhanova,43.26999797442898,41.41999488667059
498,"ITEX Dataset 20 - Torngats (Nakvakdry, Nakvakwet)",Tundra,Temperate,Terrestrial,Plants,4,Luise Hermanutz,Laura Siegwart Collier,58.63917482415633,-63.375002677824874
502,"Long-term tree demography in old-growth forests of Huron Mts, MI from permanent-plot censuses, 1962-2009",Temperate broadleaf and mixed forests,Temperate,Terrestrial,Plants,48,Kerry D. Woods,NA,46.919996933476035,-88.02600119650515
503,Coral data from Lizard Island,Tropical coral,Tropical,Marine,Invertebrates,2,Joshua S. Madin,Mia Hoogenboom,-14.699837345590257,145.44867772616584
504,Red Sea artificial reefs,Temperate shelf and seas ecoregions,Temperate,Marine,Fish,5,Jonathan Belmaker,NA,29.533335903538134,34.96666710267883
508,"ITEX Dataset 21 - Sadvent (MES-Pointframe, Wet-Pointframe)",Tundra,Polar,Terrestrial,Plants,3,Elisabeth J. Cooper,NA,78.09999744356726,16.04000691648068
510,Butterfly fauna in Mount Gariwang-san Korea,Temperate broadleaf and mixed forests,Temperate,Terrestrial,Invertebrates,29,Cheolmin Lee,NA,37.460995595525816,128.52999706615282
511,Demersal fish hauls from Guanabara Bay Brazil 2005-2015,Tropical seas,Tropical,Marine,Fish,11,Gabriel Barros GonÃ§alves de Souza,Marcelo Vianna,-22.821243327941804,-43.1492454594999
515,Assemblage-level responses of phyllostomid bats to tropical forest fragmentation,Tropical and subtropical moist broadleaf forests,Tropical,Terrestrial,Mammals,3,Christoph Meyer,NA,9.178194418221503,-79.87258262373004
516,A large-scale fragmentation experiment for Neotropical bats,Tropical and subtropical moist broadleaf forests,Tropical,Terrestrial,Mammals,17,Ricardo Rocha,Adria Lopez-Baucells,-2.3863808555650547,-59.918768186225726
550,Long-term Mollusc Population Abundance and Size Data from the Georgia Coastal Ecosystems LTER 0.25sqm quadrat,Temperate shelf and seas ecoregions,Temperate,Marine,Invertebrates,21,GCE-LTER Information Manager,Merryl Alber,31.43999569834421,-81.3400041038341
551,Long-term Mollusc Population Abundance and Size Data from the Georgia Coastal Ecosystems LTER 0.5sqm quadrat,Temperate shelf and seas ecoregions,Temperate,Marine,Invertebrates,21,GCE-LTER Information Manager,Merryl Alber,31.432211213608323,-81.34062219285137
552,UHURU experiment: tree census detailed 2009-2019,"Tropical and subtropical grasslands, savannas and shrublands",Tropical,Terrestrial,Plants,11,Jacob Goheen,NA,0.3891270022450171,36.89203820959655
553,UHURU experiment: understory of large quadrats 2008-2019,"Tropical and subtropical grasslands, savannas and shrublands",Tropical,Terrestrial,Plants,12,Jacob Goheen,NA,0.3891270022450171,36.89203820959655
555,"Zooplankton abundance in the Upper San Francisco Estuary from 1972-2021, ver 4: 20mm survey, mesoplankton.",Small river ecosystems,Temperate,Freshwater,Invertebrates,26,Samuel M Bashevkin,NA,38.109266386000485,-121.90853912150978
563,"Zooplankton abundance in the Upper San Francisco Estuary from 1972-2021, ver 4: Fish Restoration Program, macroplankton.",Small river ecosystems,Temperate,Freshwater,Invertebrates,3,Samuel M Bashevkin,NA,38.166722611299384,-121.77637062298362
564,"Zooplankton abundance in the Upper San Francisco Estuary from 1972-2021, version 4: Fish Restoration Program, mesoplankton",Small river ecosystems,Temperate,Freshwater,Invertebrates,3,Samuel M Bashevkin,NA,38.13247290981377,-121.78046025807623
569,Cover and density of southwestern ponderosa pine understory plants in permanent chart quadrats (2002â€“2020),Temperate coniferous forest,Temperate,Terrestrial,Plants,21,Margaret M. Moore,NA,35.237397921997164,-111.73899434463812
573,"eLTER Benthic invertebrates at three sites at River Salaca, Latviaâ€” Skanais Mazsalaca",Large river ecosystems,Temperate,Freshwater,Invertebrates,21,Agnija Skuja,Davis Ozolins,57.87400630401506,21.996472039244093
574,"eLTER Benthic invertebrates at three sites at River Salaca, Latviaâ€” Vecate",Large river ecosystems,Temperate,Freshwater,Invertebrates,48,Agnija Skuja,Davis Ozolins,57.795041728143545,22.14799940714601
575,"eLTER Benthic invertebrates at three sites at River Salaca, Latviaâ€” Vecsalaca",Large river ecosystems,Temperate,Freshwater,Invertebrates,33,Agnija Skuja,Davis Ozolins,57.75309323410456,21.409451902821413
576,"Long-term Plant Biomass Monitoring Data from Altamaha River Plant Transition Sites near the Georgia Coastal Ecosystems LTER Project on Sapelo Island, Georgia","Tropical and subtropical grasslands, savannas and shrublands",Temperate/Tropical,Freshwater,Plants,10,Dr. Steven C. Pennings,NA,-81.42589917343426,31.33057924085997
577,Phytoplankton species abundance in Lake Inba (Japan) from 1986 to 2016,Small lake ecosystems,Temperate,Freshwater,Plants,31,Maiko Kagami,Akemi Iwayama,35.761909878139974,140.19646833254905
579,War-in-the-Pacific National Historical Park marine biological survey,Tropical coral,Tropical,Marine,Fish,26,Kathy Dratch,Kelly Kozar,13.401194762479772,144.66287395743325
580,"Vegetation Data, Buxton Climate Change Experiment, UK, 1994-2009","Temperate grasslands, savannas and shrublands",Temperate,Terrestrial,Plants,16,Dr Jason Fridley,NA,53.249996617920345,-1.9190398570602618
581,Structure and dynamics of a mountain riparian forest at an upstream valley in central Japan,Temperate broadleaf and mixed forests,Temperate,Terrestrial,Plants,7,Tomohiro Yoshida,NA,36.53333530788703,139.41667151309875
582,Long term data from the Hanko Bird Observatory,"Tropical and subtropical grasslands, savannas and shrublands",Temperate,Terrestrial,Birds,41,Kari Soilevaara,Jari Laitasalo,59.81700118304359,22.899997486388813
583,Long term monitoring of the rocky intertidal on Wizard Island in Barkley Sound,Temperate shelf and seas ecoregions,Temperate,Marine,Plants,13,Luke Andersson,NA,48.858298885919645,-125.15949972229562
584,Long term monitoring of the rocky intertidal on Wizard Island in Barkley Sound,Temperate shelf and seas ecoregions,Temperate,Marine,Invertebrates,9,Luke Andersson,NA,48.858298885919645,-125.15949972229562
585,Grasshopper species abundances in the Patch-Burn Grazing experiment at Konza Prairie,Flooded grasslands and savannas,Temperate,Terrestrial,Invertebrates,8,Dr Anthony Joern,NA,39.09300383778433,-96.5749962667812
586,"Arthropod sweepnet sampling: Interactive Effects of Deer, Fire and Nitrogen. Cedar Creek.","Temperate grasslands, savannas and shrublands",Temperate,Terrestrial,Invertebrates,4,Johannes Knops,Mark Ritchie,45.41311620309512,-93.1936668920876
587,"Small Mammal Abundance: Interactive Effects of Deer, Fire and Nitrogen. Cedar Creek.","Temperate grasslands, savannas and shrublands",Temperate,Terrestrial,Mammals,3,Johannes Knops,Mark Ritchie,45.41311620309512,-93.1936668920876
588,"Insect Population Dynamics on the Main Cropping System Experiment at the Kellogg Biological Station, Hickory Corners, MI  (1989 to 2017)","Temperate grasslands, savannas and shrublands",Temperate,Terrestrial,Invertebrates,29,Douglas Landis,Data Manager Kellogg Biological Station,42.405641832987975,-85.38578355139745
589,"Santa Barbara Coastal LTER: Reef: Annual time series of biomass for kelp forest species, ongoing since 2000",Temperate shelf and seas ecoregions,Temperate,Marine,Invertebrates,24,"Information Manager, Santa Barbara Coastal LTER",NA,34.305800359975066,-119.87540500240539
590,Long-term population trends in three grassland insect groups: a comparative analysis of 1951 and 2009,"Temperate grasslands, savannas and shrublands",Temperate,Terrestrial,Invertebrates,59,Sebastian Schuch,NA,52.34039507129073,9.667083771745467
591,"Chagos Archipelago UVC fish surveys around rat-infested/rat-free islands, pre-/post- 2015 bleaching event",Tropical coral,Tropical,Marine,Fish,5,Casey Benkwitt,"Nick Graham, Shaun Wilson",-5.66017975777215,71.7776901427735
592,"Changes in the avifauna in a high Andean cloud forest
in Colombia over a 24-year period - Mist Net Captures",Tropical and subtropical moist broadleaf forests,Tropical,Terrestrial,Birds,25,Loreta Rosselli,F. Gary Stiles,4.670000177075998,-73.85000457315837
593,Christmas Bird Count - Bogota (1989-2015),Tropical and subtropical moist broadleaf forests,Tropical,Terrestrial,Birds,26,Loreta Rosselli,"F. Gary Stiles, Sussy De La Zerda",4.787540709049261,-74.06379266153009
594,Native and non-native freshwater fish communities surrounding aquarium trade fish farms in Brazil - a decadal comparison,Small river ecosystems,Tropical,Freshwater,Fish,13,Andre L. B. Magalhaes,NA,-20.957418247740215,-42.337182125634186
598,"Desert Ecology Plot Network: Mammal Abundance Pit Traps, Simpson Desert, Western Queensland, 1990-2018",Deserts and xeric shrublands,Tropical,Terrestrial,Mammals,29,Glenda Wardle,"Chris Dickman, Aaron Greenville, Bobby Tamayo",-23.59982983593048,138.23550906182524
599,"Desert Ecology Plot Network: Herpetofauna Abundance Pit Traps, Simpson Desert, Western Queensland, 1990-2018",Deserts and xeric shrublands,Tropical,Terrestrial,Multiple,29,Glenda Wardle,"Chris Dickman, Aaron Greenville, Bobby Tamayo",-23.59982983593048,138.23550906182524
600,"Bulgaria Wintering Waterbirds, Aleksandar Stamboliyski Reservoir",Small lake ecosystems,Temperate,Freshwater,Birds,37,Vesela Evtimova,"Boris Nikolov, Radoslav Stanchev",43.0876383360439,25.073810445501618
602,"Bulgaria Wintering Waterbirds, Lake Complexes",Small lake ecosystems,Temperate,Freshwater,Birds,42,Vesela Evtimova,"Boris Nikolov, Radoslav Stanchev",42.41668322830367,27.63608037285875
603,Bulgaria Wintering Waterbirds Srebarna Lake,Lake ecosystem,Temperate,Freshwater,Birds,41,Vesela Evtimova,"Boris Nikolov, Radoslav Stanchev",44.10764388663725,27.07528776782361
606,Ants and Ecosystem Function in Hemlock Removal Experiment at Harvard Forest 2006-2014,Temperate broadleaf and mixed forests,Temperate,Terrestrial,Invertebrates,9,Harvard Forest Information Manager,NA,42.47265838458974,-72.21520009735899
607,Ground vegetation data ICP Forests Level II plot Brasschaat,Temperate coniferous forest,Temperate,Terrestrial,Plants,22,Arne Verstraten,Wouter Van Landuyt,51.30776582783076,4.519823029099494
608,Ground vegetation data ICP Forests Level II plot Gontrode,Temperate broadleaf and mixed forests,Temperate,Terrestrial,Plants,22,Arne Verstraten,Wouter Van Landuyt,50.97540761596124,3.8044936174919064
609,Ground vegetation data ICP Forests Level II plot Sonian forest,Temperate broadleaf and mixed forests,Temperate,Terrestrial,Plants,22,Arne Verstraten,Wouter Van Landuyt,50.74601611728909,4.413248943588629
610,ILTER Ebro Delta Bird Census,Large river delta ecosystems,Temperate,Terrestrial,Birds,57,Daniel Oro,NA,40.57062761645132,0.6542580526310172
611,"Longâ€term observation of fish community in streams inside and outside road construction of Teshio River system, northern Hokkaido, Japan",Small river ecosystems,Temperate,Freshwater,Fish,20,Masahiro Nakamura,Yoshiyuki Umatani,44.77133888026966,142.1659703274739
612,"Long-term (2005â€“2017) macromoth community monitoring at Mt. Jirisan National Park, South Korea",Temperate broadleaf and mixed forests,Temperate,Terrestrial,Invertebrates,13,Sei-Woong Choi,NA,35.33015753470662,127.56333138209148
613,"Diversity decrease of ant (Formicidae, Hymenoptera) after a forest disturbance: different responses among functional guilds",Temperate broadleaf and mixed forests,Temperate,Terrestrial,Invertebrates,3,Cheol Min Lee,Tae-Sung Kwon,37.43999987112966,127.08000541176688
614,LTER National Park Hoge Kempen Arachnids,"Temperate grasslands, savannas and shrublands",Temperate,Terrestrial,Invertebrates,28,Natalie Beenaerts,Luc Creveceour,50.9310043139751,5.626000000064699
615,LTER National Park Hoge Kempen Beetles,"Temperate grasslands, savannas and shrublands",Temperate,Terrestrial,Invertebrates,34,Natalie Beenaerts,Luc Creveceour,0,0
616,"LTER Hunsruck-Hochwald Benthic Aquatic Invertebrates, Borfink station",Small river ecosystems,Temperate,Freshwater,Invertebrates,21,Stefan Stoll,Fulgor Westermann,49.69938589154538,7.092416519257895
617,"LTER Hunsruck-Hochwald Benthic Aquatic Invertebrates, Mundung station",Small river ecosystems,Temperate,Freshwater,Invertebrates,21,Stefan Stoll,Fulgor Westermann,49.662274187195,7.0860823171168645
618,"LTER Hunsruck-Hochwald Benthic Aquatic Invertebrates, Oberlauf station",Small river ecosystems,Temperate,Freshwater,Invertebrates,20,Stefan Stoll,Fulgor Westermann,49.70591723407984,7.101082987240828
619,LTER ICP Lange Bramke Ground Vegetation,Temperate coniferous forest,Temperate,Terrestrial,Plants,28,Henning Meesenburg,NA,51.85704015834586,10.414352350037428
620,LTER ICP Solling Germany Beech Forest Ground Vegetation,Temperate broadleaf and mixed forests,Temperate,Terrestrial,Plants,28,Henning Meesenburg,NA,51.76138626092065,9.578056245446515
621,LTER ICP Solling Germany Spruce Forest Vegetation,Temperate broadleaf and mixed forests,Temperate,Terrestrial,Plants,28,Henning Meesenburg,NA,51.764726241650116,9.57972216204272
622,LTER INBO Lower Seascheldt Invertebrates 1999-2005,Small river ecosystems,Temperate,Freshwater,Invertebrates,7,Gunther Van Ryckegem,NA,51.29494739576962,4.297737346839412
623,LTER INBO Lower Seascheldt Invertebrates 1999-2005,Small river ecosystems,Temperate,Freshwater,Invertebrates,8,Gunther Van Ryckegem,NA,51.28250102341379,4.315671134789034
624,LTER INBO Lower Seascheldt Waterbirds 1991-2017,Small river ecosystems,Temperate,Freshwater,Birds,27,Gunther Van Ryckegem,NA,51.30015449539366,4.2850946132707675
625,LTER Lake Muggelsee Germany Phytoplankton,Small lake ecosystems,Temperate,Freshwater,Invertebrates,21,Rita Adrian,NA,52.43999666060842,13.64999795101614
626,LTER Lake Muggelsee Germany Zooplankton,Small lake ecosystems,Temperate,Freshwater,Invertebrates,21,Rita Adrian,0,52.43999666060842,13.64999795101614
627,"LTER Norholm Hede, Denmark Plants","Temperate grasslands, savannas and shrublands",Temperate,Terrestrial,Plants,91,Inger Kappel Schmidt,NA,55.68005833578072,8.604672314073863
628,LTER Rhine-Main Observatory Aquatic Invertebrates,Small river ecosystems,Temperate,Freshwater,Invertebrates,16,Peter Haase,NA,50.12840605743731,9.282550888154445
631,"NIES Fish monitoring data in Lake Kasumigaura, 2005-2021",Large lake ecosystems,Temperate,Freshwater,Fish,17,Shin-ichiro S. Matsuzaki,Kumiko Totsu,35.98651220143769,140.35770054096417
632,"Point-count bird censusing: long-term monitoring of bird abundance and diversity along the Salt River in the greater Phoenix metropolitan area, ongoing since 2013",Small river ecosystems,Temperate,Terrestrial,Birds,6,Heather Bateman,Paige Warren,33.45983745862136,-112.05079630065023
636,"North Temperate Lakes LTER Core Data Phytoplankton, Paul Lake, 1984-1995",Small lake ecosystems,Temperate,Freshwater,Invertebrates,12,Stephen Carpenter,Mike Pace,46.25119785344186,-89.50339597570871
637,"North Temperate Lakes LTER Core Data Phytoplankton, Paul Lake, 2013-2015",Small lake ecosystems,Temperate,Freshwater,Invertebrates,3,Stephen Carpenter,Mike Pace,46.25119785344186,-89.50339597570871
638,Cascade Project at North Temperate Lakes LTER Core Data Zooplankton 1984 - 2016,Small lake ecosystems,Temperate,Freshwater,Invertebrates,33,Stephen Carpenter,Mike Pace,46.25119785344186,-89.50339597570871
639,"Operation Wallacea marine site in Hoga, Indonesia - Wakatobi National Park",Tropical coral,Tropical,Marine,Fish,11,Dan Exton,NA,-5.462134238006535,123.73800331317284
641,Regional Watershed Monitoring Program Fish Community Data (2018-2021),Small river ecosystems,Temperate,Freshwater,Fish,4,Jan Moryk,NA,0,0
642,"Regional Watershed Monitoring Program Benthic Macroinvertebrate Data, 2013-2021",Small lake ecosystems,Temperate,Freshwater,Invertebrates,8,Jessica Fang,Ryan Scott,43.83515891449937,-79.48421184512023
643,Back into the past: Resurveying random plots to track community changes in Italian coastal dunes.,"Mediterranean forests, woodlands and scrubs",Temperate,Terrestrial,Plants,14,Marta Sperandii,NA,41.63359720844914,12.385804127299181
644,TRCA Waterfront Fish Data 2000 - 2018,Large lake ecosystems,Temperate,Freshwater,Fish,19,general,Angela Wallace,43.69809323234223,-79.27963657113311
646,Cross-Scale Interactions and the Distribution-Abundance Relationship,Temperate broadleaf and mixed forests,Temperate,Terrestrial,Amphibians,15,Earl Werner,NA,42.45427469522288,-84.01196707880615
647,Heatwave restructures marine intertidal communities across a stress gradient,Temperate shelf and seas ecoregions,Temperate,Marine,Invertebrates,12,Matthew Whalen,NA,51.65653598660488,-128.12954882986256
650,Bees and their floral visits in Sapporo in 1979 and 1989,"Temperate grasslands, savannas and shrublands",Temperate,Terrestrial,Invertebrates,11,Takeshi Matsumura,Hisatomo Taki,43.07500356518855,141.33329897752733
651,"More coral, more fish? Contrasting snapshots from a remote Pacific atoll",Tropical coral,Tropical,Marine,Fish,29,Ricardo Beldade,NA,14.899998279436849,148.60000431167475
655,"Quadrat-based monitoring of desert grassland vegetation at the Jornada Experimental Range, New Mexico, 1915â€“2016","Tropical and subtropical grasslands, savannas and shrublands",Temperate,Terrestrial,Plants,102,Erica Christensen,Jornada Data Manager,32.61659863838006,106.75000328797324
656,Long-term zooplankton community records Lake Suwa (1996-2017),Large lake ecosystems,Temperate,Freshwater,Invertebrates,22,Masaki Sakamoto,Yuichi Miyabara,36.03333554861949,138.0833368720488
657,"Flora at LTSER Zone Atelier Armorique - France, 1994-2017 [Data set]","Temperate grasslands, savannas and shrublands",Temperate,Terrestrial,Plants,24,Audrey Alignier,Yuichi Miyabara,48.60000326006447,1.530000364030558
658,"Herpethofauna from Aguas Santa Barbara, 2016-2020","Tropical and subtropical grasslands, savannas and shrublands",Tropical,Terrestrial,Multiple,5,Marcio Martins,"Filipe C. Serrano, Bruno F. Fiorillo",-22.805028685821473,-49.23677343117213
659,Ainsdale Dune Slacks LTE,Flooded grasslands and savannas,Temperate,Terrestrial,Plants,37,Jonathan Millett,"Ciara Dwyer, Sally Edmonson",53.5935855115067,-3.069399464810989
660,Alcatrazes_monitoring_program,Tropical coral,Tropical,Marine,Fish,10,Juan Pablo Quimbayo,NA,-24.100879804160552,-45.69866914841529
661,"Fishes inhabiting tidepools in the Tablado Beach, Amazonian Coastal Zone, during the Wet Season",Multiple,Tropical,Marine,Fish,4,Bruno Eleres Soares,Luciano Fogaca de Assis Montag,-0.5902539804606436,-47.59021313548714
662,NA,"Tropical and subtropical grasslands, savannas and shrublands",Tropical,Terrestrial,Plants,2,Cassy Anne Rodrigues,Alessandra Fidelis,-13.681206408834303,-47.81180083749906
663,Dynamic and diverse amphibian assemblages: Can we differentiate natural processes from human induced changes?,"Tropical and subtropical grasslands, savannas and shrublands",Tropical,Freshwater,Amphibians,19,Nathalia G. S. Lima,Paula C. Eterovick,-19.27457042447601,-43.56237974511148
664,Coastal batoid surveys in the Levant,Temperate shelf and seas ecoregions,Temperate,Marine,Fish,7,Shahar Chaikin,NA,32.417163672807156,34.869516118104904
665,Birds from Carlos Botelho Park,Tropical and subtropical moist broadleaf forests,Temperate/Tropical,Terrestrial,Birds,2,Alexsander Zamorano Antunes,NA,-24.169675267387678,-47.99485657092436
666,Dung beetles from Santa Catarina Island,Tropical and subtropical moist broadleaf forests,Tropical,Terrestrial,Invertebrates,4,Malva Isabel Medina Hernandez,NA,-27.63600071047293,-48.512956191310934
667,Fish assemblage distribution along free-flowing rivers entering a reservoir cascade,Large river ecosystems,Tropical,Freshwater,Fish,3,Paulo S.Pompeu,NA,-21.455088341812104,-44.46329712962886
668,Insectivorous bats responses to land-use change and wildfires in Madeira island.,Tropical and subtropical moist broadleaf forests,Temperate/Tropical,Terrestrial,Mammals,6,Diogo F. Ferreira,Rym Nouioua,32.709252807096405,-17.02983227075926
669,Phytoplankton Lake Bidighinzu,Small lake ecosystems,Temperate,Freshwater,Invertebrates,28,Bachisio Mario Padedda,Antonella Luglie,40.55606024978512,8.66132766510417
672,Operation Wallacea: Dominica birds,Tropical and subtropical moist broadleaf forests,Tropical,Terrestrial,Birds,3,Andrew Fairbairn,Thomas E. Martin,15.371963958339984,-61.27903441598941
673,Operation Wallacea: Ecuador Amphibians,Tropical and subtropical moist broadleaf forests,Tropical,Terrestrial,Amphibians,3,Oliver Thomas,Thomas E. Martin,-0.44062200007450175,-76.30419044817683
674,Operation Wallacea: Ecuador Reptiles,Tropical and subtropical moist broadleaf forests,Tropical,Terrestrial,Reptiles,3,Oliver Thomas,Thomas E. Martin,-0.44062200007450175,-76.30419044817683
675,Operation Wallacea: Honduras Bats,Tropical and subtropical moist broadleaf forests,Tropical,Terrestrial,Mammals,14,Pamela Medina-van Berkum,Merlijn Jocque,15.518592723389405,-88.24686489681748
676,Operation Wallacea: Honduras Birds,Tropical and subtropical moist broadleaf forests,Tropical,Terrestrial,Birds,14,Samuel E.I. Jones,Thomas Edward Martin,40.4826212099648,-74.59923486909214
677,Operation Wallacea: Madagascan Amphibians,Tropical and subtropical dry broadleaf forests,Tropical,Terrestrial,Amphibians,7,Peter R. Long,Thomas E. Martin,-15.48274179121836,46.67886533454252
678,Operation Wallacea: Madagascan Reptiles,Tropical and subtropical dry broadleaf forests,Tropical,Terrestrial,Reptiles,8,Peter R. Long,Joseph P. Wayman,-15.48327582060225,46.68530484077241
679,Operation Wallacea: Mexico Amphibians,Tropical and subtropical moist broadleaf forests,Temperate/Tropical,Terrestrial,Amphibians,5,Kathy Slater,Jose Antonio L. Barao-Nobrega,18.37346660925225,-89.52128222145022
680,Operation Wallacea: Mexico Butterflies,Tropical and subtropical moist broadleaf forests,Temperate/Tropical,Terrestrial,Invertebrates,2,Kathy Slater,Jose Antonio L. Barao-Nobrega,18.380747792482158,-89.68896227861067
681,Operation Wallacea: Mexico Large Mammal Transects,Tropical and subtropical moist broadleaf forests,Temperate/Tropical,Terrestrial,Mammals,5,Kathy Slater,Jose Antonio L. Barao-Nobrega,18.37346660925225,-89.52128222145022
682,Operation Wallacea: Romania Birds Point Count,Temperate broadleaf and mixed forests,Temperate,Terrestrial,Birds,6,Joseph J. Bailey,Thomas E. Martin,46.10085394870106,24.825529772420467
683,Operation Wallacea: Romanian Butterflies,Temperate broadleaf and mixed forests,Temperate,Terrestrial,Invertebrates,6,Joseph J. Bailey,Thomas E. Martin,46.09879249722972,24.830124761177025
684,Ornamental aquaculture in streams,Tropical and subtropical moist broadleaf forests,Tropical,Freshwater,Fish,13,Andre L. B. Magalhaes,"Jean Ricardo Simoes Vitule, Vanessa Daga",-20.957418247740215,-42.337182125634186
685,Plant succession in reclaimed areas,"Temperate grasslands, savannas and shrublands",Temperate,Terrestrial,Plants,6,Petr Pysek,NA,13.370001505045314,50.36000180224083
686,Reef fish in the Israeli Gulf of Aqaba,Tropical coral,Temperate/Tropical,Marine,Fish,8,Tal Gavriel,"Assaf Zvuloni, Jonathan Belmaker",29.508712778055052,34.92111849868769
687,"Fishes inhabiting tidepools in the Tablado Beach, Amazonian Coastal Zone, during the Wet Season",Small lake ecosystems,Tropical,Freshwater,Fish,4,Bruno Eleres Soares,Erica Caramaschi,-1.807981749708688,-56.087882347482655
694,"SBC LTER: Beach: Time series of abundance of birds on selected beaches, ongoing since 2008",Temperate shelf and seas ecoregions,Temperate,Terrestrial,Birds,12,Jenifer E Dugan,NA,34.40000441669353,-119.80000618325397
695,"Changes in the reef-coral community of Carysfort reef, Key Largo, Florida: 1974 to 1982",Temperate shelf and seas ecoregions,Temperate,Marine,Invertebrates,9,Phillip Dustan,NA,25.216666810922195,-80.2166688626174
699,"Signals of resilience and change in tidepool fish communities on the Pacific coast of Vancouver Island, Canada",Temperate shelf and seas ecoregions,Temperate,Marine,Fish,51,Amanda E. Bates,John M. Green,48.737683752930174,-125.11864526114228
703,"GOB Winter count of waterfowl, waders and seagulls in the Balearic Islands, 1998-2021",Small lake ecosystems,Temperate,Freshwater,Birds,24,Patrick Moussa,GOB-Mallorca,39.800000386282754,3.100000081216767
704,"Changes in breeding bird populations of an oak-wood on Bookham Common, Surrey, over twenty-seven years",Temperate broadleaf and mixed forests,Temperate,Terrestrial,Birds,27,Geoffrey Beven,NA,51.29500308596304,-0.3829999498477166
705,Estudio de seguimiento de las reservas marinas de Cabo de Palos - Islas Hormigas y Cabo TiÃ±oso,Temperate shelf and seas ecoregions,Temperate,Marine,Fish,23,J.A. Garcia Charton,NA,37.649999851338684,-0.6699999980427962
706,Long-term dynamics of Mediterranean frugivorous birds and fleshy fruits: a 12-year study,"Mediterranean forests, woodlands and scrubs",Temperate,Terrestrial,Birds,13,Carlos M. Herrera,NA,37.939998719420544,-2.869999960949462
707,Population trends of Laridae and Sternidae breeding in the Comacchio Laggon (NE Italy) between 1977 and 2001,Small lake ecosystems,Temperate,Marine,Birds,25,Pierandrea Brichetti,NA,44.61000286026291,12.18000554693456
708,Terrestrial reptile counts in DoÃ±ana 2005-2021,"Temperate grasslands, savannas and shrublands",Temperate,Terrestrial,Reptiles,17,Ana C. Andreu,Rosa Arribas,36.999996157293054,-6.400000437201345
710,Cens Internacional d'ocells aquÃ tics i marins hivernants a Catalunya de gener de 2021,Large river delta ecosystems,Temperate,Marine,Birds,37,Ricard Gutierrez,NA,40.699998299707374,0.6999999637251778
711,"The composition and dynamics of the passerine bird community in a subalpine birch forest, Swedish Lapland. A 20-year study",Boreal forests / taiga,Polar/Temperate,Terrestrial,Birds,20,NA,NA,65.97499782401647,16.049995233386266
712,Long-term decline of a winter-resident bird community in Puerto Rico,Tropical and subtropical dry broadleaf forests,Tropical,Terrestrial,Birds,22,Jon Faaborg,NA,17.969998745935595,-66.85999871833582
713,Temporal dynamics of marginal steppic vegetation over a 26-year period of substantial environmental change,"Temperate grasslands, savannas and shrublands",Temperate,Terrestrial,Plants,26,Silvia Matesanz,NA,51.5833328705066,11.833333305974206
714,Long-term dynamics of small-mammal populations in Ontario,Temperate broadleaf and mixed forests,Temperate,Terrestrial,Mammals,44,John M. Fryxell,NA,45.59350888460739,-78.524052568024
715,"Interspecific interactions, population variation, and environmental forcing in the context of the community","Temperate grasslands, savannas and shrublands",Temperate,Terrestrial,Birds,28,Elizabeth L. Porzig,NA,37.9300021282871,-122.7350016313256
716,"Waterfowl counts in Pasvik nature reserve, 1996-2020",Large river ecosystems,Polar,Freshwater,Birds,25,Morten Gunther,Tor-Arne Bjorn,69.14999602277489,29.25000222864883
717,Long-term woodpecker winter population dynamics in the Tatarstan Republic,Temperate broadleaf and mixed forests,Temperate,Terrestrial,Birds,25,Arthur Askeyev,Oleg Askeyev,55.33000202434099,50.91000334234731
718,"Nest population size and potential production of geese and spectacled eiders on the Yukon-Kuskokwim Delta, Alaska, 1985-2013",Large river delta ecosystems,Polar,Marine,Birds,29,Julian B. Fischer,NA,61.110004039694424,-165.17000252741164
719,"Nest population size and potential production of geese and spectacled eiders on the Yukon-Kuskokwim Delta, Alaska, 1985-2013",Large river delta ecosystems,Polar,Marine,Birds,26,Julian B. Fischer,NA,61.110004039694424,-165.17000252741164
720,BioBasis Zackenberg - Breeding birds abundance,Polar ecoregions,Polar,Terrestrial,Birds,25,Niels Martin Schmidt,Jannik Hansen,74.469999804466255,-20.570000422337348
721,CERN Long-term Monitoring Dataset of Plant Communities in Dongting Lake Beach (2011-2015),Large lake ecosystems,Temperate/Tropical,Freshwater,Plants,5,Xie Yonghong,NA,29.357092338435432,112.92464541450988
722,"CERN Gansu Linze desert plant communities, 2005-2008â€” soil macrofauna",Deserts and xeric shrublands,Temperate,Terrestrial,Plants,4,NA,NA,39.414442303001216,100.1192039893851
723,"CERN Gansu Linze desert plant communities, 2005-2008â€” station monitoring",Deserts and xeric shrublands,Temperate,Terrestrial,Plants,3,NA,NA,39.373055627086195,100.06359466103831
724,CERN Gansu Linze desert plant communities 2005-2008â€” auxiliary monitoring,Deserts and xeric shrublands,Temperate,Terrestrial,Plants,3,NA,NA,39.39971778424111,100.11190365517444
725,CERN A dynamic dataset of plant community composition in HulunBuir Stipa Baicalensis meadow steppe (2009â€“2015),"Temperate grasslands, savannas and shrublands",Temperate,Terrestrial,Plants,7,XIN Xiaoping,NA,49.35110555943684,120.11917210941743
726,CERN Biomass data of Huitong Chinese fir forest Station from 1973 to 2007,Temperate broadleaf and mixed forests,Temperate,Terrestrial,Plants,7,NA,NA,26.833329504054998,109.7499964632861
727,"CERN A plant community dataset of marsh ecosystem for Sanjiang Plain, China 2013 â€“ 2015",Flooded grasslands and savannas,Temperate,Freshwater,Plants,3,TAN Wenwen,ZHAO Zhichun,47.58610870543679,133.50079471422234
728,"CERN A plant community dataset of marsh ecosystem for Sanjiang Plain, China 2000 â€“ 2012",Flooded grasslands and savannas,Temperate,Freshwater,Plants,13,TAN Wenwen,ZHAO Zhichun,47.58610870543679,133.50079471422234
729,"CERN Observational data of plant community species composition of QinLing Station in Shanxi province, 2007-2008",Temperate broadleaf and mixed forests,Temperate,Terrestrial,Plants,2,NA,NA,33.43611071241422,108.44750046236872
730,"CERN Zhejiang Tiantong soil macrofauna community, 2007-2009",Tropical and subtropical moist broadleaf forests,Temperate/Tropical,Terrestrial,Invertebrates,2,Fangfang Yao,Xihua Wang,29.808057201169376,121.78670013911136
735,"CERN Guangdong Dinghu Mountain soil macrofauna community, 2004 to 2005",Temperate broadleaf and mixed forests,Temperate/Tropical,Terrestrial,Invertebrates,2,Qianmei Zhang,NA,23.169503143323695,112.54806791627345
736,CERN Guangdong Dinghu Mountain plant community composition from 2003 to 2008 - herbs,Temperate broadleaf and mixed forests,Temperate/Tropical,Terrestrial,Plants,2,Qianmei Zhang,NA,23.169503143323695,112.54806791627345
737,CERN Guangdong Dinghu Mountain plant community composition from 2003 to 2008 - shrub,Temperate broadleaf and mixed forests,Temperate/Tropical,Terrestrial,Plants,7,Qianmei Zhang,NA,23.169503143323695,112.54806791627345
738,"CERN Guangdong Heshan soil macrofauna community, 1994-2005",Temperate broadleaf and mixed forests,Temperate/Tropical,Terrestrial,Invertebrates,12,Raoxing Quan,NA,22.679444151879554,112.8998654407393
739,"CERN Inner Mongolia Xilingol plant assemblage monitoring, 2005-2008","Temperate grasslands, savannas and shrublands",Temperate,Terrestrial,Plants,4,"Xingguo Han, Yongfei Bai, Qingmin Pan, Nianpeng He",NA,43.54877110281288,116.61626497123802
740,"CERN Ningxia Shapotou desert fauna community, 2003-2008",Deserts and xeric shrublands,Temperate,Terrestrial,Invertebrates,5,"Xinrong Li, Haiyan Zhou, Xinping Wang",NA,37.46319492491957,105.0048587236322
741,"CERN Jiangsu Taihu Lake phytoplankton community composition, 1991-2008",Large lake ecosystems,Temperate/Tropical,Freshwater,Multiple,16,Guangwei Zhu,NA,31.430562110651515,120.1737372051154
742,A dataset of species composition and biomass in successional stages of Tiantong typical evergreen broad-leaved forest (2008â€“2017),Temperate broadleaf and mixed forests,Temperate/Tropical,Terrestrial,Plants,10,Haibo Yang,NA,29.800744588476775,121.79111516005176
743,"Assemblages of herbs in Heshan station in Guangdong Province China, 2005-2007",Temperate broadleaf and mixed forests,Tropical,Terrestrial,Plants,3,Xing-Quang Rao (饶兴权),NA,22.68020743875845,112.90059622590981
744,"Assemblages of shrubs in Heshan station in Guangdong Province China, 2005-2007",Temperate broadleaf and mixed forests,Tropical,Terrestrial,Plants,3,Xing-Quang Rao,NA,22.68020743875845,112.90059622590981
745,"Observational data of  bird community species composition of Sanjiang station in Heilongjiang Province China, 2001-2005",Small lake ecosystems,Temperate,Terrestrial,Birds,6,Sanjiang station in Heilongjiang Province China,NA,47.58333296400436,133.51670178088037
746,"Observational data of  plant community species composition of Sanjiang station in Heilongjiang Province China, 2000-2006",Small lake ecosystems,Temperate,Terrestrial,Plants,7,Sanjiang station in Heilongjiang Province China,NA,47.58854663454392,133.5017971558503
747,"Plant community monitoring data in the Inner Mongolia Hulun Buir research station, 2006-2008","Temperate grasslands, savannas and shrublands",Temperate,Terrestrial,Plants,3,Ruirui Yan (闫瑞瑞),NA,49.42299664319148,119.94999338323294
748,TaiHu lake's zooplankton community composition data of 8 plots from the year 1997 to 2002,Large lake ecosystems,Temperate,Freshwater,Invertebrates,6,Shen Min,NA,31.433319482118872,120.18269944483308
749,Observational data on shrub composition at Gongga Mountain in Sichuan Province of China in the year 1999 and 2005,Temperate broadleaf and mixed forests,Temperate,Terrestrial,Plants,7,Yang Yang (杨阳),NA,29.575969968990368,101.99669520387053
750,Observational data on tree composition at Gongga Mountain in Sichuan Province of China in the year 1999 and 2005,Temperate broadleaf and mixed forests,Temperate,Terrestrial,Plants,7,Yang Yang (杨阳),NA,29.575969968990368,101.99669520387053
751,"Plant compositions in the herbaceous layer of forest communities in Xishuangbanna, Sichuan Province of China from 1999 to 2006",Tropical and subtropical moist broadleaf forests,Tropical,Terrestrial,Plants,6,Yan Luo (罗艳),NA,21.93467732218665,101.25049709211088
752,"Plant compositions in the shrub layer of forest communities in Xishuangbanna, Sichuan Province of China from 2001 to 2006",Tropical and subtropical moist broadleaf forests,Tropical,Terrestrial,Plants,6,Yan Luo (罗艳),NA,21.93467732218665,101.25049709211088
753,"Plant compositions in the tree layer of forest communities in Xishuangbanna, Sichuan Province of China from 1998 to 2006",Tropical and subtropical moist broadleaf forests,Tropical,Terrestrial,Plants,9,Yan Luo (罗艳),NA,21.93467732218665,101.25049709211088
754,Cottonwood Lake Study Area - Invertebrate Counts (ver. 2.0),"Temperate grasslands, savannas and shrublands",Temperate,Freshwater,Invertebrates,30,U.S. Geological Survey - ScienceBase,Northern Prairie Wildlife Research Center,47.10169549047724,-99.11115790195507
755,Cottonwood Lake Study Area - Amphibians (ver. 2.0),"Temperate grasslands, savannas and shrublands",Temperate,Freshwater,Amphibians,29,David M Mushet,"Matthew J Solensky, npwrc_datamanager",47.10169549047724,-99.1111694967824
756,Data from: Using beta diversity to inform agricultural policies and conservation actions on Mediterranean farmland,"Mediterranean forests, woodlands and scrubs",Temperate,Terrestrial,Birds,18,Joana Santana,NA,0,0
761,"Amphibians and reptiles of TrÃªs Lagoas, Mato Grosso do Sul, Brazil","Tropical and subtropical grasslands, savannas and shrublands",Tropical,Terrestrial,Multiple,5,Luis Felipe Toledo,NA,-20.74985707057594,-51.657478118622095
762,Anurans Pitfall Traps Southern Brazil,"Tropical and subtropical grasslands, savannas and shrublands",Tropical,Terrestrial,Amphibians,3,Tiago Gomes dos Santos,Sonia Zanini Cechin,-29.769810065474832,-53.83972128773452
763,Slug Numbers â€“ Beckingham 1999 â€“ 2002 (series 1999-2001),Temperate broadleaf and mixed forests,Temperate,Terrestrial,Invertebrates,3,Chris du Feu,NA,53.40316308474077,-0.8296500332295873
764,Slug Numbers â€“ Beckingham 1999 â€“ 2002 (series 2001-2002),Temperate broadleaf and mixed forests,Temperate,Terrestrial,Invertebrates,2,Chris du Feu,NA,53.40316308474077,-0.8296500332295873
765,"Abundances of stream benthic macroinvertebrates during a 6-year monitoring period of a glacier-fed stream in South Tyrol, Italy",Small river ecosystems,Temperate,Freshwater,Invertebrates,6,Alberto Scotti,Roberta Bottarin,46.73246725266881,10.682789796746503
766,"Abundances of stream benthic macroinvertebrates and related environmental variables of a glacier-fed stream in South Tyrol, Italy (2016-2022)",Small river ecosystems,Temperate,Freshwater,Invertebrates,7,Alberto Scotti,Roberta Bottarin,46.73246725266881,10.682789796746503
768,Farmland bird monitoring data in North-east Germany 1999-2002 &amp; 2013-2015,Temperate broadleaf and mixed forests,Temperate,Terrestrial,Birds,17,Michael Glemnitz,NA,53.35102670356969,13.689025048641584
769,BahÃ­a Blanca Estuary Puerto Cuatreros - Ciliates (1986-2006),Temperate shelf and seas ecoregions,Temperate,Marine,Multiple,21,Valeria Ana Guinder,M. Celeste Lopez-Abbate,-38.75157963589309,-62.37985623556827
774,Trinidad's Northern Range Freshwater Diatom Survey (2011-2015),Small river ecosystems,Tropical,Freshwater,Plants,5,Amy E. Deacon,Anne E. Magurran,10.683119654611003,-61.27266781496577
778,Trinidad's Northern Range Freshwater Fish Survey (2011-2015),Small river ecosystems,Tropical,Freshwater,Fish,5,Amy E. Deacon,Anne E. Magurran,10.683119654611003,-61.27266781496577
779,Fish Communities - Forillon,Small river ecosystems,Temperate,Freshwater,Fish,10,Daniel Sigouin,NA,48.89262744080349,-64.36271750723695
786,"Netherlands ground beetles, Insect Change study 1102",Temperate broadleaf and mixed forests,Temperate,Terrestrial,Invertebrates,61,Roel van Klink,NA,52.80038724701071,6.513401217804817
788,Wildlife of a garden: hoverflies,Temperate broadleaf and mixed forests,Temperate,Terrestrial,Invertebrates,30,Francis Gilbert,NA,52.64500272392233,-1.079000025639444
789,Ants assemblages in the Portal LTER,Deserts and xeric shrublands,Tropical,Terrestrial,Invertebrates,22,Roeal van Klink,Morgan Ernest,31.938973937530033,-109.07980624954983
790,Ground beetles in the Dolomites,Multiple,Polar/Temperate,Terrestrial,Invertebrates,30,Roberto Pizzolotto,NA,46.296867951057116,11.781373927859244
791,"Long-term (2005â€“2017) macromoth community monitoring at Mt. Jirisan National Park, South Korea",Temperate coniferous forest,Temperate,Terrestrial,Invertebrates,64,Sei-Woong Choi,NA,35.33015753470662,127.56330940861409
793,"Monthly drift samples of invertebrates from the River Pawnmpawm, Ghana",Small river ecosystems,Tropical,Freshwater,Invertebrates,2,Rosina Kyerematen,NA,6.200000051577978,-0.21669999263201042
794,"Surber samples of invertebrates from the River Pawnmpawm, Ghana",Small river ecosystems,Tropical,Freshwater,Invertebrates,2,Rosina Kyerematen,NA,6.200000051577978,-0.21669999263201042
795,Trinidad's Northern Range Freshwater Invertebrate Survey (2011-2015),Small river ecosystems,Tropical,Freshwater,Invertebrates,5,Amy E. Deacon,Anne E. Magurran,10.683119654611003,-61.27266781496577
799,Monthly data of mesozooplankton abundance and biomass for a shelf station off A CoruÃ±a (NW Spain): 1990-2018 (Series 1990-1996),Temperate shelf and seas ecoregions,Temperate,Marine,Invertebrates,7,Antonio Bode,NA,43.42000031299872,-8.440000352096064
800,Monthly data of mesozooplankton abundance and biomass for a shelf station off A CoruÃ±a (NW Spain): 1990-2018 (Series 1997-2018),Temperate shelf and seas ecoregions,Temperate,Marine,Invertebrates,22,Antonio Bode,NA,43.42000031299872,-8.440000352096064
801,BahÃ­a Blanca Estuary Puerto Cuatreros - Microzooplankton (2008-2010),Temperate shelf and seas ecoregions,Temperate,Marine,Multiple,3,Valeria Ana Guinder,M. Celeste Lopez-Abbate,-38.82837673061843,-62.24925378250464
802,Latvia LTER Scots pine forest oribatid mite communities 1998-2006,Temperate coniferous forest,Temperate,Terrestrial,Invertebrates,9,Tancredi Caruso,NA,57.87222193633512,24.994441724875255
803,Monthly series of phytoplankton abundance collected between 1989 and 2016 at A CoruÃ±a (NW Spain) (Series 1989-2008),Temperate shelf and seas ecoregions,Temperate,Marine,Plants,20,Antonio Bode,NA,43.42000031299872,-8.440000352096064
804,Monthly series of phytoplankton abundance collected between 1989 and 2016 at A CoruÃ±a (NW Spain) (Series 2009-2016),Temperate shelf and seas ecoregions,Temperate,Marine,Plants,8,Antonio Bode,NA,43.42000031299872,-8.440000352096064
805,BahÃ­a Blanca Estuary Puerto Cuatreros - Phytoplankton (2008-2010),Temperate shelf and seas ecoregions,Temperate,Marine,Multiple,3,Valeria Ana Guinder,M. Celeste Lopez-Abbate,-38.82837673061843,-62.24925378250464
806,"BahÃ­a Blanca Estuary Puerto Cuatreros - Phytoplankton (2006-2008,2012)",Temperate shelf and seas ecoregions,Temperate,Marine,Multiple,7,Valeria Ana Guinder,M. Celeste Lopez-Abbate,-38.75157071585661,-62.37986503140132
807,Reptiles Pitfall Traps Southern Brazil,"Tropical and subtropical grasslands, savannas and shrublands",Tropical,Terrestrial,Reptiles,3,Tiago Gomes dos Santos,Sonia Zanini Cechin,-29.769810065474832,-53.83972128773452
808,Tel-Aviv University bottom trawl surveys,Temperate shelf and seas ecoregions,Temperate,Marine,Fish,8,Shahar Chaikin,Jonathan Belmaker,31.76404172195919,34.503248156483295
809,Treswell Wood Standard Site Bird Capture Data 1978-2020,Temperate broadleaf and mixed forests,Temperate,Terrestrial,Birds,43,Chris du Feu,John Clark,53.307572450538885,-0.8596820144241063
811,"Seasonal variation and effect of non-native invasive vegetation on two bird communities in northeast of Buenos Aires province, Argentina","Temperate grasslands, savannas and shrublands",Temperate,Terrestrial,Birds,2,Facundo X. Palacio,NA,-34.86666861799321,-58.13333354420552
812,"Urbanization as a driver of taxonomic, functional, and phylogenetic diversity losses in bird communities","Temperate grasslands, savannas and shrublands",Temperate,Terrestrial,Birds,32,Facundo X. Palacio,NA,-34.79999893076047,-58.43332517438532
814,Whitelands Wood Birds Survey,Temperate broadleaf and mixed forests,Temperate,Terrestrial,Birds,13,Fritha West,NA,50.97799316214672,-0.9724109944365518
822,Latvia LTER Forest soil Collembola,Temperate coniferous forest,Temperate,Terrestrial,Invertebrates,11,Tara Dirilgen,Tancredi Caruso,57.87222193633512,24.994441724875255
834,Operation Wallacea: Honduras Bats,Tropical and subtropical moist broadleaf forests,Tropical,Terrestrial,Mammals,14,Pamela Medina-van Berkum,Merlijn Jocque,15.518592723389405,-88.24686489681748
835,Operation Wallacea: Mexico Reptiles,Tropical and subtropical moist broadleaf forests,Temperate/Tropical,Terrestrial,Reptiles,5,Kathy Slater,Jose Antonio L. Barao-Nobrega,18.37346660925225,-89.52128222145022
836,"Herpetofauna of Kings Park, Perth, Western Australia 2015-2021","Mediterranean forests, woodlands and scrubs",Temperate,Terrestrial,Multiple,7,Dr Rob A. Davis,Dr Tim S. Doherty,-31.967296697795405,115.83399699360243
839,"Lizard pitfall trap data from 11 NPP study locations at the Jornada Basin LTER site, 1989-2006",Deserts and xeric shrublands,Temperate,Terrestrial,Reptiles,18,David C Lightfoot,NA,32.6690011093489,-106.86500516458155
850,Freshwater fish surveys (NFPD) (Electrofishing Single Catch - Timed Quadrat),Multiple,Temperate,Freshwater,Fish,4,Data Services Platform Defra,NA,51.092503481327476,-1.4268814794492948
851,Freshwater fish surveys (NFPD) (Fixed Trap Single Catch),Multiple,Temperate,Freshwater,Fish,18,Data Services Platform Defra,NA,54.51518492225074,-2.3563438163031427
852,Freshwater fish surveys (NFPD) (Fyke Netting Catch Depletion),Multiple,Temperate,Freshwater,Fish,9,Data Services Platform Defra,NA,54.02236128904737,-1.2330656130076163
862,Freshwater fish surveys (NFPD) (Trapping Single Catch),Multiple,Temperate,Freshwater,Fish,4,Data Services Platform Defra,NA,54.469355429226525,-0.6313490231350944
866,Freshwater fish surveys (NFPD) (Wrap Around Seine Netting Single Catch - Part Width),Multiple,Temperate,Freshwater,Fish,7,Data Services Platform Defra,NA,52.90866655599711,-1.1423450547527645
867,"Forest Inventory of a Northern Hardwood Forest: Watershed 6, Hubbard Brook Experimental Forest (Trees &gt;=2cm to &lt;=10cm dbh, 1982-1987)",Temperate broadleaf and mixed forests,Temperate,Terrestrial,Plants,6,"Information Manager, Hubbard Brook LTER",NA,43.95346007168739,-71.73956058323105
868,"Forest Inventory of a Northern Hardwood Forest: Watershed 6, Hubbard Brook Experimental Forest (Trees &gt;=2cm to &lt;=10cm dbh, 1992-2017)",Temperate broadleaf and mixed forests,Temperate,Terrestrial,Plants,26,"Information Manager, Hubbard Brook LTER",NA,43.95346007168739,-71.73956058323105
875,The Australian Phytoplankton Database (1844 - ongoing): Project 1051 Huon River sampling,Temperate shelf and seas ecoregions,Temperate,Marine,Invertebrates,3,Claire Davies,Lesley Clementson,-43.194465546109654,147.05549998514763
877,The Australian Phytoplankton Database (1844 - ongoing): Project 1054 Phytoplankton dynamics Ballina NSW,Temperate shelf and seas ecoregions,Temperate,Marine,Invertebrates,2,Claire Davies,David Rissik,-28.859999581169163,153.56000003417768
879,The Australian Phytoplankton Database (1844 - ongoing): Project 1057 Phytoplankton from coastal lagoons in Sydney,Temperate shelf and seas ecoregions,Temperate,Marine,Invertebrates,4,Claire Davies,Shauna Murray,-33.752498585554996,151.30000561295418
880,The Australian Phytoplankton Database (1844 - ongoing): Project 1058 Storm Bay phytoplankton,Temperate shelf and seas ecoregions,Temperate,Marine,Invertebrates,2,Claire Davies,Kerrie Swadling,-43.174032053986075,147.53660601067062
882,The Australian Phytoplankton Database (1844 - ongoing): Project 1064 Hornsby Shire Council monitoring,Small river ecosystems,Temperate,Freshwater,Invertebrates,13,Claire Davies,Peter Coad,-33.59869914168408,151.12330345309297
886,"The Australian Phytoplankton Database (1844 - ongoing): Project 782, Phytoplankton Port Hacking 100m station",Temperate shelf and seas ecoregions,Polar/Temperate,Marine,Invertebrates,13,Claire Davies,Penelope Ajani,-34.11759624039652,151.21819535395082
889,The Australian Phytoplankton Database (1844 - ongoing): Project 806 Seagrass nutrient uptake studies,Temperate shelf and seas ecoregions,Polar/Temperate,Marine,Invertebrates,2,Claire Davies,Sasi Nayar,-34.87549658634744,138.46329677288531
890,The Australian Phytoplankton Database (1844 - ongoing): IMOS Southern Ocean Time Series,Temperate shelf and seas ecoregions,Polar/Temperate,Marine,Invertebrates,3,Claire Davies,Ruth Eriksen,-46.93469737611558,142.25829820955335
892,The Australian Zooplankton Database (Project ID 10): Zooplankton sampling in Albatross Bay,Multiple,Tropical,Marine,Invertebrates,3,Claire Davies,Peter Rothlisberg,-12.638994235682969,141.43610148526923
894,"The Australian Zooplankton Database (Project ID 17): A multi-disciplinary study of larval fish distributions and biological oceanographic processes near North West Cape, Western Australia.",Multiple,Temperate/Tropical,Marine,Invertebrates,6,Claire Davies,Anthony Richardson,-21.72508980377912,114.33487362465253
895,"The Australian Zooplankton Database (Project ID 19): Chaetognath, siphonophore and jelly data from Hillarys transect in WA, SFRME",Temperate shelf and seas ecoregions,Temperate,Marine,Invertebrates,2,Claire Davies,Daniel Gaughan,-30.833371581886034,115.51330015408017
898,The Australian Zooplankton Database (Project ID 22): Zooplankton sampling from Maria Island,Temperate shelf and seas ecoregions,Temperate,Marine,Invertebrates,2,Claire Davies,Kerrie Swadling,-42.573001476307326,147.9920986220755
899,The Australian Zooplankton Database (Project ID 23): Zooplankton sampling from the mid-slope off the south coast of Tasmania,Temperate shelf and seas ecoregions,Temperate,Marine,Invertebrates,2,Claire Davies,Kerrie Swadling,-44.30279722033878,147.12659885758035
900,The Australian Zooplankton Database (Project ID 4): Zooplankton sampling in Darwin Harbour  (Dec 2002 - Oct 2004),Multiple,Tropical,Marine,Invertebrates,3,Claire Davies,Kerrie Swadling,-12.519943031976421,130.75665824174382
901,"The Australian Zooplankton Database (Project ID 591): PhD; Zooplankton community dynamics: Biomass, abundance, and feeding in subtropical Moreton Bay (including 2011 flood sampling)",Multiple,Temperate/Tropical,Marine,Invertebrates,3,Claire Davies,Anthony Richardson,-27.349247145966295,153.26590207606185
907,"The Australian Zooplankton Database (Project ID 7): Understanding water column and pelagic ecosystem processes affecting South Scott lagoon, Western Australia - 100 micron",Multiple,Tropical,Marine,Invertebrates,2,Claire Davies,Anthony Richardson,-14.069559256981773,121.83939001744957
908,The Australian Zooplankton Database (Project ID 9): Planning tools for environmentally sustainable tropical finfish cage culture in Indonesia and northern Australia,Multiple,Tropical,Marine,Invertebrates,2,Claire Davies,Anthony Richardson,-11.64782226664501,130.20680007125745
